Date,State_Name,SL_No,District_Name,Date_of_Sanction,Project_Cost_Lakhs,ApprShare_Central,ApprShare_State,ApprShare_Beneficiary,CompSanc_IHHL_BPL,CompSanc_IHHL_APL,CompSanc_IHHL_TOTAL,CompSanc_IHHL_SCW,CompSanc_School_Toilets,CompSanc_Anganwadi_Toilets,CompSanc_RSM_PC
3/15/2013,ANDHRA PRADESH,1,ADILABAD,11/6/2001,7845.08,5210.61,1918.19,716.28,247475,148181,395656,0,4462,427,10
3/15/2013,ANDHRA PRADESH,2,ANANTAPUR,11/6/2001,6308.72,4059.29,1394.66,854.77,363314,181335,544649,0,3421,284,10
3/15/2013,ANDHRA PRADESH,3,CHITTOOR,28-03-2000,7680.84,5036.09,1875.03,769.72,296465,236986,533451,0,8171,375,10
3/15/2013,ANDHRA PRADESH,4,CUDDAPAH,2/5/2003,6440.21,3924.41,1662.14,853.66,251653,251610,503263,0,6802,277,10
3/15/2013,ANDHRA PRADESH,5,EAST GODAVARI,23-04-2002,9690.38,6324.81,2329.86,1035.71,370255,191400,561655,50,7004,1164,10
3/15/2013,ANDHRA PRADESH,6,GUNTUR,23-04-2002,12563.94,6298.09,3611.81,2654.04,370996,319053,690049,0,5346,215,10
3/15/2013,ANDHRA PRADESH,7,KARIMNAGAR,13-02-2003,10849.48,7165.48,2612.85,1071.15,365267,219763,585030,0,5848,298,10
3/15/2013,ANDHRA PRADESH,8,KHAMMAM,25-11-1999,5033.95,3296.76,1226.56,510.63,189225,4860,194085,0,6318,521,10
3/15/2013,ANDHRA PRADESH,9,KRISHNA,13-02-2003,9115.68,5977.79,2174.82,963.07,351572,175991,527563,17,3374,62,10
3/15/2013,ANDHRA PRADESH,10,KURNOOL,23-04-2002,10196.49,6720.35,2491.52,984.62,383478,129956,513434,0,4669,2111,10
3/15/2013,ANDHRA PRADESH,11,MAHBUBNAGAR,11/6/2001,12463.21,8267.19,3086.64,1109.38,418559,66032,484591,3,5433,357,10
3/15/2013,ANDHRA PRADESH,12,MEDAK,13-02-2003,9398.96,6237.97,2285.12,875.87,311743,96490,408233,50,5446,1873,10
3/15/2013,ANDHRA PRADESH,13,NALGONDA,3/3/2000,4057.62,2623.6,973.78,460.24,215058,156761,371819,0,6628,44,10
3/15/2013,ANDHRA PRADESH,14,NELLORE,11/6/2001,6774.39,4452.2,1705.65,616.54,226725,116678,343403,0,6415,1396,10
3/15/2013,ANDHRA PRADESH,15,NIZAMABAD,11/6/2001,3563.44,2292.61,788.33,482.5,225519,9474,234993,0,2477,32,10
3/15/2013,ANDHRA PRADESH,16,PRAKASAM,3/3/2000,11629.2,7674.58,2891.99,1062.63,386617,193493,580110,0,7224,780,10
3/15/2013,ANDHRA PRADESH,17,RANGAREDDI,2/5/2003,5820.64,3846.08,1396.59,577.97,212629,71610,284239,0,3726,467,10
3/15/2013,ANDHRA PRADESH,18,SRIKAKULAM,2/5/2003,11000.93,7286.19,2778.43,936.31,302221,225272,527493,40,6398,266,10
3/15/2013,ANDHRA PRADESH,19,VISAKHAPATNAM,2/5/2003,7601.64,5006.22,1857.77,737.65,252875,156460,409335,20,5074,0,10
3/15/2013,ANDHRA PRADESH,20,VIZIANAGARAM,11/6/2001,5074.86,3369.99,1205.77,499.1,220051,245678,465729,10,2999,1668,10
3/15/2013,ANDHRA PRADESH,21,WARANGAL,23-04-2002,6027.11,3819.19,1309.33,898.59,330260,138180,468440,0,4122,2157,10
3/15/2013,ANDHRA PRADESH,22,WEST GODAVARI,12/3/2003,9050.9,5877.01,2264.52,909.37,344272,294425,638697,385,4551,216,10
3/15/2013,ANDHRA PRADESH,,Total,,178187.67,114766.51,43841.36,19579.8,6636229,3629688,10265917,575,115908,14990,220
3/15/2013,ARUNACHAL PRADESH,2,ARUNACHAL PRADESH,16,6700.94,4662.35,1562.98,475.61,115560,18301,133861,318,3944,1866,39
3/15/2013,ARUNACHAL PRADESH,3,ASSAM,26,92814.8,65248.07,20582.96,6983.77,2220017,1161020,3381037,211,34772,16819,115
3/15/2013,ARUNACHAL PRADESH,4,BIHAR,38,293380.8,197840.73,71151.11,24388.96,6195779,4975535,11171314,2362,102268,16444,364
3/15/2013,ARUNACHAL PRADESH,5,CHHATTISGARH,16,67877.81,45596.64,16475.61,5805.56,1568600,1823853,3392453,618,52338,10211,106
3/15/2013,ARUNACHAL PRADESH,6,D & N HAVELI,1,91,80.69,0,10.31,2480,0,2480,12,0,0,1
3/15/2013,ARUNACHAL PRADESH,7,GOA,2,1059.43,634.96,292.25,132.22,17935,27388,45323,150,731,547,3
3/15/2013,ARUNACHAL PRADESH,8,GUJARAT,25,70231.96,43924.9,17352.98,8954.08,2046857,3331630,5378487,1671,40439,30516,168
3/15/2013,ARUNACHAL PRADESH,9,HARYANA,20,23087.84,13922.67,5687,3478.17,636940,1458494,2095434,1335,9160,7599,17
3/15/2013,ARUNACHAL PRADESH,10,HIMACHAL PRADESH,12,19632.55,13118.4,4997.33,1516.82,218167,632583,850750,1229,20738,10308,59
3/15/2013,ARUNACHAL PRADESH,11,JAMMU & KASHMIR,21,40598.74,28374.07,9628.36,2596.31,703071,767732,1470803,1080,27277,1070,103
3/15/2013,ARUNACHAL PRADESH,12,JHARKHAND,24,90728.43,60485.48,22185.77,8057.18,2327306,1402189,3729495,1203,42687,11472,249
3/15/2013,ARUNACHAL PRADESH,13,KARNATAKA,29,108474.68,70077.23,26898.26,11499.19,2889224,2981691,5870915,1305,39267,26353,296
3/15/2013,ARUNACHAL PRADESH,14,KERALA,14,22189.92,11873.91,5544.08,4771.93,961831,111911,1073742,1090,3600,4957,98
3/15/2013,ARUNACHAL PRADESH,15,MADHYA PRADESH,50,170288.99,113086.85,41987.69,15214.45,3614346,4852847,8467193,1602,137730,27595,385
3/15/2013,ARUNACHAL PRADESH,16,MAHARASHTRA,33,148969.04,97771.77,36414.52,14782.75,3623439,6104904,9728343,8210,87452,60076,355
3/15/2013,ARUNACHAL PRADESH,17,MANIPUR,9,11274.03,7908.73,2579.5,785.8,194887,68367,263254,386,3919,1201,35
3/15/2013,ARUNACHAL PRADESH,18,MEGHALAYA,7,14008.99,9562.87,3411.07,1035.05,216333,85500,301833,290,10331,1851,36
3/15/2013,ARUNACHAL PRADESH,19,MIZORAM,8,6302.14,4331.58,1521.5,449.06,89903,18975,108878,560,5905,1630,20
3/15/2013,ARUNACHAL PRADESH,20,NAGALAND,11,7957.58,5607.04,1759.75,590.79,180092,31254,211346,275,2972,1302,29
3/15/2013,ARUNACHAL PRADESH,21,ORISSA,30,156204.83,104509.1,37841.95,13853.78,4485050,2571598,7056648,818,70663,25160,289
3/15/2013,ARUNACHAL PRADESH,22,PUDUCHERRY,1,572.56,481.72,0,90.84,18000,0,18000,0,26,16,3
3/15/2013,ARUNACHAL PRADESH,23,PUNJAB,20,24134.47,15139.89,6532.4,2462.18,623198,544370,1167568,411,7464,3274,81
3/15/2013,ARUNACHAL PRADESH,24,RAJASTHAN,32,102243.17,69096.73,25759.93,7386.51,1960903,5023430,6984333,1544,85662,32269,317
3/15/2013,ARUNACHAL PRADESH,25,SIKKIM,4,2053.82,1338.56,440.74,274.52,51302,35712,87014,789,1604,340,12
3/15/2013,ARUNACHAL PRADESH,26,TAMIL NADU,29,114367.01,69366.01,28683.56,16317.44,4422133,4244955,8667088,1438,53678,27970,249
3/15/2013,ARUNACHAL PRADESH,27,TRIPURA,4,9838.52,6120.24,2400.5,1317.78,454757,169017,623774,226,6833,6024,35
3/15/2013,ARUNACHAL PRADESH,28,UTTAR PRADESH,71,294726,192171.8,71925.16,30629.04,8303794,12372693,20676487,2366,269860,107302,428
3/15/2013,ARUNACHAL PRADESH,29,UTTARAKHAND,13,15091.07,9993.12,3641.26,1456.69,441631,444670,886301,470,3925,1601,81
3/15/2013,ARUNACHAL PRADESH,30,WEST BENGAL,19,174147.94,111799.51,43820.36,18528.07,6619158,4997498,11616656,1140,134081,84168,441
3/15/2013,ARUNACHAL PRADESH,,Total,607,2267236.73,1488892.13,554919.94,223424.66,61838922,63887805,125726727,33684,1375234,534931,4634
3/15/2013,ASSAM,1,BAGSHA,15-01-2008,3930.13,2769.19,865.85,295.09,85697,63785,149482,15,1789,69,3
3/15/2013,ASSAM,2,BARPETA,17-05-2005,6162.6,4361.74,1348.62,452.24,150747,93069,243816,0,1806,175,10
3/15/2013,ASSAM,3,BONGAIGAON,31-07-2006,2773.12,1950.68,635.65,186.79,51929,39654,91583,15,1222,59,3
3/15/2013,ASSAM,4,CACHAR,18-09-2001,4741.34,3346.64,1045.87,348.83,119931,46293,166224,0,1839,1697,0
3/15/2013,ASSAM,5,CHIRANG,15-01-2008,1522.06,1074.34,340.85,106.87,29956,20899,50855,10,778,38,2
3/15/2013,ASSAM,6,DARRANG,21-06-2007,3824.75,2681.62,848.25,294.88,86628,25633,112261,25,673,539,5
3/15/2013,ASSAM,7,DHEMAJI,17-05-2005,3228.33,2284.89,697.63,245.81,80854,18546,99400,10,871,230,5
3/15/2013,ASSAM,8,DHUBRI,18-09-2001,8964.87,6264.78,1985.57,714.52,205324,42052,247376,50,1016,1902,2
3/15/2013,ASSAM,9,DIBRUGARH,14-01-2004,3021.96,2136.12,653.02,232.82,77606,45384,122990,0,969,900,4
3/15/2013,ASSAM,10,GOALPARA,18-09-2001,2837.73,2002.27,645.89,189.57,65070,21747,86817,0,1840,951,3
3/15/2013,ASSAM,11,GOLAGHAT,17-05-2005,3133.34,2179.53,676.25,277.56,79743,27031,106774,0,1248,119,6
3/15/2013,ASSAM,12,HAILAKANDI,14-01-2004,1737.93,1215.24,379.49,143.2,49837,12445,62282,0,1140,35,4
3/15/2013,ASSAM,13,JORHAT,7/2/2000,3071.84,2172.7,709.72,189.42,65070,21747,86817,0,1840,951,6
3/15/2013,ASSAM,14,KAMRUP,7/2/2000,3018.34,2129.06,644.75,244.53,85785,52723,138508,0,521,1531,0
3/15/2013,ASSAM,15,KARBI ANGLONG,18-09-2001,3832.82,2713.59,935.24,183.99,60953,19293,80246,0,3304,1406,4
3/15/2013,ASSAM,16,KARIMGANJ,18-09-2001,2672.51,1865.25,586.72,220.54,78992,15409,94401,14,1051,912,3
3/15/2013,ASSAM,17,KOKRAJHAR,11/3/2005,2979.14,2075.89,638.56,264.69,84830,35087,119917,0,1157,146,3
3/15/2013,ASSAM,18,LAKHIMPUR,14-01-2004,3024.58,2138.81,646.27,239.5,73224,22938,96162,0,1432,276,4
3/15/2013,ASSAM,19,MARIGAON,18-09-2001,1802.88,1249.95,375.72,177.21,60770,105564,166334,0,326,797,3
3/15/2013,ASSAM,20,NAGAON,15-07-2005,7161.99,5052.42,1594.4,515.17,168391,60850,229241,0,2468,621,10
3/15/2013,ASSAM,21,NALBARI,18-09-2001,3139.74,2195.41,676.86,267.47,88093,127387,215480,0,282,710,5
3/15/2013,ASSAM,22,NORTH CACHAR HILLS,31-07-2006,1293,913.76,305.08,74.16,21328,1102,22430,0,810,194,5
3/15/2013,ASSAM,23,SIBSAGAR,18-03-2002,3209.83,2259.72,729.12,220.99,74686,52367,127053,0,2135,935,4
3/15/2013,ASSAM,24,SONITPUR,7/2/2000,4851,3387.94,1094.71,368.35,120048,93032,213080,42,1951,607,6
3/15/2013,ASSAM,25,TINSUKIA,17-05-2005,2840.31,1984.83,619.16,236.32,68774,29814,98588,0,870,623,8
3/15/2013,ASSAM,26,UDALGURI,15-01-2008,4038.66,2841.7,903.71,293.25,85751,67169,152920,30,1434,396,7
3/15/2013,ASSAM,,Total,,92814.8,65248.07,20582.96,6983.77,2220017,1161020,3381037,211,34772,16819,115
3/15/2013,BIHAR,1,ARARIA,12/3/2003,4630.29,3129.75,1116.55,383.99,100000,74194,174194,50,1594,42,10
3/15/2013,BIHAR,2,ARWAL,20-02-2006,2565.43,1738.33,620.08,207.02,50500,43853,94353,50,848,53,5
3/15/2013,BIHAR,3,AURANGABAD,23-11-2005,7219.24,4914.68,1790.05,514.51,123115,90829,213944,50,3060,463,10
3/15/2013,BIHAR,4,BANKA,22-03-2001,4127.69,2814.26,1004.28,309.15,82439,0,82439,75,2764,386,10
3/15/2013,BIHAR,5,BEGUSARAI,18-03-2002,7272.2,4860.75,1707.05,704.4,192877,192877,385754,333,2156,724,10
3/15/2013,BIHAR,6,BHAGALPUR,12/3/2003,7537.71,5096.06,1834.34,607.31,154950,187409,342359,50,2602,1331,10
3/15/2013,BIHAR,7,BHOJPUR,17-05-2005,8121.9,5485.61,1977.85,658.44,164410,131472,295882,50,3350,319,10
3/15/2013,BIHAR,8,BUXAR,23-11-2005,4307.11,2913.81,1046.5,346.8,85268,78398,163666,50,1654,96,10
3/15/2013,BIHAR,9,DARBHANGA,12/3/2003,16395.84,11001.64,4048.56,1345.64,360250,282960,643210,50,3492,488,10
3/15/2013,BIHAR,10,GAYA,22-03-2001,14167.89,9534.99,3480.68,1152.22,295670,109655,405325,50,4742,1310,10
3/15/2013,BIHAR,11,GOPALGANJ,20-02-2006,7334.04,4959.89,1786.32,587.83,145610,56156,201766,50,2334,848,10
3/15/2013,BIHAR,12,JAMUI,15-07-2005,5779.45,3907.68,1409.88,461.89,109377,118537,227914,50,2042,323,10
3/15/2013,BIHAR,13,JEHANABAD,15-07-2005,2847.71,1938.98,694.35,214.38,52100,40435,92535,50,1372,405,7
3/15/2013,BIHAR,14,KAIMUR(BHABUA),17-05-2005,4138.38,2800.15,998.16,340.07,82439,82641,165080,50,1810,355,10
3/15/2013,BIHAR,15,KATIHAR,18-03-2002,9951.14,6644.42,2357.01,949.71,252534,150055,402589,52,2684,182,10
3/15/2013,BIHAR,16,KHAGARIA,20-02-2006,6200.88,4186.01,1489.27,525.6,133528,69746,203274,50,1358,169,10
3/15/2013,BIHAR,17,KISHANGANJ,20-02-2006,4773.98,3210.56,1140.12,423.3,108000,116799,224799,50,1429,88,10
3/15/2013,BIHAR,18,LAKHISARAI,20-02-2006,3873.52,2606.26,951.13,316.13,84742,74314,159056,50,988,252,7
3/15/2013,BIHAR,19,MADHEPURA,20-02-2006,6079.8,4102.27,1464.85,512.68,129796,119115,248911,50,1850,207,13
3/15/2013,BIHAR,20,MADHUBANI,18-03-2002,4307.83,2924.08,1048.58,335.17,67482,69746,137228,63,4572,1127,10
3/15/2013,BIHAR,21,MUNGER,20-02-2006,4328.34,2930.99,1056.69,340.66,86197,45296,131493,50,1334,310,10
3/15/2013,BIHAR,22,MUZAFFARPUR,11/6/2001,12397.69,8249.19,2894.55,1253.95,333183,278964,612147,101,5302,740,10
3/15/2013,BIHAR,23,NALANDA,12/3/2003,8291.48,5641.43,2039.39,610.66,152866,157933,310799,94,3608,891,10
3/15/2013,BIHAR,24,NAWADA,20-02-2006,8281.04,5596.7,2015.59,668.75,165884,69176,235060,50,2348,436,10
3/15/2013,BIHAR,25,PASHCHIM CHAMPARAN,23-11-2005,10631.22,7171.33,2583.53,876.36,219434,10832,230266,50,3578,318,10
3/15/2013,BIHAR,26,PATNA,22-03-2001,11231.64,7578.82,2742.57,910.25,220881,212726,433607,50,6670,553,10
3/15/2013,BIHAR,27,PURBA CHAMPARAN,22-03-2001,14276.55,9661.14,3481.16,1134.25,286090,246155,532245,94,4368,282,10
3/15/2013,BIHAR,28,PURNIA,20-02-2006,7906.83,5346.65,1886.44,673.74,171263,282408,453671,50,2484,175,10
3/15/2013,BIHAR,29,SAHARSA,20-02-2006,4626.7,3124.67,1100.71,401.32,101440,139000,240440,50,1554,256,10
3/15/2013,BIHAR,30,SAMASTIPUR,12/3/2003,16274.76,10977.32,4018.62,1278.82,335606,257444,593050,50,4936,559,10
3/15/2013,BIHAR,31,SARAN,11/6/2001,9567.69,6509.42,2277.42,780.85,189465,283058,472523,50,3798,344,10
3/15/2013,BIHAR,32,SASARAM(ROHTAS),23-11-2005,8409.6,5626.82,2029.15,753.63,180000,233378,413378,50,3208,476,10
3/15/2013,BIHAR,33,SHEIKHPURA,20-02-2006,2431.4,1655.25,591.63,184.52,44073,20595,64668,50,896,220,6
3/15/2013,BIHAR,34,SHEOHAR,20-02-2006,2628.12,1769.25,636.45,222.42,58032,43996,102028,50,581,66,5
3/15/2013,BIHAR,35,SITAMARHI,12/3/2003,14638.66,9882.78,3591.57,1164.31,294276,136865,431141,50,2750,173,10
3/15/2013,BIHAR,36,SIWAN,17-05-2005,10940.13,7369.19,2685.53,885.41,234450,136765,371215,50,3124,702,10
3/15/2013,BIHAR,37,SUPAUL,20-02-2006,7611.1,5138.02,1848.82,624.26,156954,136428,293382,50,1804,257,11
3/15/2013,BIHAR,38,VAISHALI,25-11-1999,7275.82,4841.58,1705.68,728.56,190598,195325,385923,50,3224,518,10
3/15/2013,BIHAR,,Total,,293380.8,197840.73,71151.11,24388.96,6195779,4975535,11171314,2362,102268,16444,364
3/15/2013,CHHATTISGARH,1,BASTAR(JAGDALPUR),20-02-2006,6309.53,4270.31,1557.1,482.12,127241,103140,230381,50,6078,1338,14
3/15/2013,CHHATTISGARH,2,BILASPUR,7/11/2003,8120.38,5432.45,1961.93,726,205812,171198,377010,50,4263,1471,10
3/15/2013,CHHATTISGARH,3,DANTEWADA,20-02-2003,3863.51,2607.83,958.9,296.78,84452,30459,114911,20,2435,1020,5
3/15/2013,CHHATTISGARH,4,DHAMTARI,15-07-2005,1790.9,1209.77,423.23,157.9,38501,73490,111991,50,1810,321,10
3/15/2013,CHHATTISGARH,5,DURG,11/6/2001,4109.09,2731.95,1007.01,370.13,101957,307630,409587,47,2436,300,10
3/15/2013,CHHATTISGARH,6,JANJGIR - CHAMPA,17-05-2005,4875.91,3278.78,1174.32,422.81,111603,83716,195319,50,2908,52,10
3/15/2013,CHHATTISGARH,7,JASHPUR,20-02-2006,2793.34,1891.6,684.27,217.47,56623,76903,133526,24,3226,339,0
3/15/2013,CHHATTISGARH,8,KANKER,15-07-2005,2331.57,1572.42,560.64,198.51,50835,60565,111400,50,1737,344,10
3/15/2013,CHHATTISGARH,9,KAWARDHA(KABIRDHAM),20-02-2006,2123.92,1426.8,504.44,192.68,53025,46800,99825,12,1348,141,4
3/15/2013,CHHATTISGARH,10,KORBA,11/3/2005,2581.53,1754.04,616.22,211.27,50691,74471,125162,50,3618,1223,0
3/15/2013,CHHATTISGARH,11,KORIYA,20-02-2006,1988.2,1356.82,479.41,151.97,38296,39493,77789,15,2282,952,5
3/15/2013,CHHATTISGARH,12,MAHASAMUND,20-02-2003,4580.44,3084.4,1117.73,378.31,98828,81327,180155,50,4083,140,3
3/15/2013,CHHATTISGARH,13,RAIGARH,20-02-2006,5229.56,3503.55,1256.76,469.25,128423,77298,205721,50,2007,942,0
3/15/2013,CHHATTISGARH,14,RAIPUR,7/11/2003,6394.94,4274.37,1529.4,591.17,163722,277297,441019,50,4257,511,15
3/15/2013,CHHATTISGARH,15,RAJNANDGAON,20-02-2003,4789.13,3248.56,1202.72,337.85,89706,117846,207552,0,5285,619,10
3/15/2013,CHHATTISGARH,16,SURGUJA,31-07-2006,5995.86,3952.99,1441.53,601.34,168885,202220,371105,50,4565,498,0
3/15/2013,CHHATTISGARH,,Total,,67877.81,45596.64,16475.61,5805.56,1568600,1823853,3392453,618,52338,10211,106
3/15/2013,D & N HAVELI,2,ARUNACHAL PRADESH,16,6700.94,4662.35,1562.98,475.61,115560,18301,133861,318,3944,1866,39
3/15/2013,D & N HAVELI,3,ASSAM,26,92814.8,65248.07,20582.96,6983.77,2220017,1161020,3381037,211,34772,16819,115
3/15/2013,D & N HAVELI,4,BIHAR,38,293380.8,197840.73,71151.11,24388.96,6195779,4975535,11171314,2362,102268,16444,364
3/15/2013,D & N HAVELI,5,CHHATTISGARH,16,67877.81,45596.64,16475.61,5805.56,1568600,1823853,3392453,618,52338,10211,106
3/15/2013,D & N HAVELI,6,D & N HAVELI,1,91,80.69,0,10.31,2480,0,2480,12,0,0,1
3/15/2013,D & N HAVELI,7,GOA,2,1059.43,634.96,292.25,132.22,17935,27388,45323,150,731,547,3
3/15/2013,D & N HAVELI,8,GUJARAT,25,70231.96,43924.9,17352.98,8954.08,2046857,3331630,5378487,1671,40439,30516,168
3/15/2013,D & N HAVELI,9,HARYANA,20,23087.84,13922.67,5687,3478.17,636940,1458494,2095434,1335,9160,7599,17
3/15/2013,D & N HAVELI,10,HIMACHAL PRADESH,12,19632.55,13118.4,4997.33,1516.82,218167,632583,850750,1229,20738,10308,59
3/15/2013,D & N HAVELI,11,JAMMU & KASHMIR,21,40598.74,28374.07,9628.36,2596.31,703071,767732,1470803,1080,27277,1070,103
3/15/2013,D & N HAVELI,12,JHARKHAND,24,90728.43,60485.48,22185.77,8057.18,2327306,1402189,3729495,1203,42687,11472,249
3/15/2013,D & N HAVELI,13,KARNATAKA,29,108474.68,70077.23,26898.26,11499.19,2889224,2981691,5870915,1305,39267,26353,296
3/15/2013,D & N HAVELI,14,KERALA,14,22189.92,11873.91,5544.08,4771.93,961831,111911,1073742,1090,3600,4957,98
3/15/2013,D & N HAVELI,15,MADHYA PRADESH,50,170288.99,113086.85,41987.69,15214.45,3614346,4852847,8467193,1602,137730,27595,385
3/15/2013,D & N HAVELI,16,MAHARASHTRA,33,148969.04,97771.77,36414.52,14782.75,3623439,6104904,9728343,8210,87452,60076,355
3/15/2013,D & N HAVELI,17,MANIPUR,9,11274.03,7908.73,2579.5,785.8,194887,68367,263254,386,3919,1201,35
3/15/2013,D & N HAVELI,18,MEGHALAYA,7,14008.99,9562.87,3411.07,1035.05,216333,85500,301833,290,10331,1851,36
3/15/2013,D & N HAVELI,19,MIZORAM,8,6302.14,4331.58,1521.5,449.06,89903,18975,108878,560,5905,1630,20
3/15/2013,D & N HAVELI,20,NAGALAND,11,7957.58,5607.04,1759.75,590.79,180092,31254,211346,275,2972,1302,29
3/15/2013,D & N HAVELI,21,ORISSA,30,156204.83,104509.1,37841.95,13853.78,4485050,2571598,7056648,818,70663,25160,289
3/15/2013,D & N HAVELI,22,PUDUCHERRY,1,572.56,481.72,0,90.84,18000,0,18000,0,26,16,3
3/15/2013,D & N HAVELI,23,PUNJAB,20,24134.47,15139.89,6532.4,2462.18,623198,544370,1167568,411,7464,3274,81
3/15/2013,D & N HAVELI,24,RAJASTHAN,32,102243.17,69096.73,25759.93,7386.51,1960903,5023430,6984333,1544,85662,32269,317
3/15/2013,D & N HAVELI,25,SIKKIM,4,2053.82,1338.56,440.74,274.52,51302,35712,87014,789,1604,340,12
3/15/2013,D & N HAVELI,26,TAMIL NADU,29,114367.01,69366.01,28683.56,16317.44,4422133,4244955,8667088,1438,53678,27970,249
3/15/2013,D & N HAVELI,27,TRIPURA,4,9838.52,6120.24,2400.5,1317.78,454757,169017,623774,226,6833,6024,35
3/15/2013,D & N HAVELI,28,UTTAR PRADESH,71,294726,192171.8,71925.16,30629.04,8303794,12372693,20676487,2366,269860,107302,428
3/15/2013,D & N HAVELI,29,UTTARAKHAND,13,15091.07,9993.12,3641.26,1456.69,441631,444670,886301,470,3925,1601,81
3/15/2013,D & N HAVELI,30,WEST BENGAL,19,174147.94,111799.51,43820.36,18528.07,6619158,4997498,11616656,1140,134081,84168,441
3/15/2013,D & N HAVELI,,Total,607,2267236.73,1488892.13,554919.94,223424.66,61838922,63887805,125726727,33684,1375234,534931,4634
3/15/2013,GOA,2,ARUNACHAL PRADESH,16,6700.94,4662.35,1562.98,475.61,115560,18301,133861,318,3944,1866,39
3/15/2013,GOA,3,ASSAM,26,92814.8,65248.07,20582.96,6983.77,2220017,1161020,3381037,211,34772,16819,115
3/15/2013,GOA,4,BIHAR,38,293380.8,197840.73,71151.11,24388.96,6195779,4975535,11171314,2362,102268,16444,364
3/15/2013,GOA,5,CHHATTISGARH,16,67877.81,45596.64,16475.61,5805.56,1568600,1823853,3392453,618,52338,10211,106
3/15/2013,GOA,6,D & N HAVELI,1,91,80.69,0,10.31,2480,0,2480,12,0,0,1
3/15/2013,GOA,7,GOA,2,1059.43,634.96,292.25,132.22,17935,27388,45323,150,731,547,3
3/15/2013,GOA,8,GUJARAT,25,70231.96,43924.9,17352.98,8954.08,2046857,3331630,5378487,1671,40439,30516,168
3/15/2013,GOA,9,HARYANA,20,23087.84,13922.67,5687,3478.17,636940,1458494,2095434,1335,9160,7599,17
3/15/2013,GOA,10,HIMACHAL PRADESH,12,19632.55,13118.4,4997.33,1516.82,218167,632583,850750,1229,20738,10308,59
3/15/2013,GOA,11,JAMMU & KASHMIR,21,40598.74,28374.07,9628.36,2596.31,703071,767732,1470803,1080,27277,1070,103
3/15/2013,GOA,12,JHARKHAND,24,90728.43,60485.48,22185.77,8057.18,2327306,1402189,3729495,1203,42687,11472,249
3/15/2013,GOA,13,KARNATAKA,29,108474.68,70077.23,26898.26,11499.19,2889224,2981691,5870915,1305,39267,26353,296
3/15/2013,GOA,14,KERALA,14,22189.92,11873.91,5544.08,4771.93,961831,111911,1073742,1090,3600,4957,98
3/15/2013,GOA,15,MADHYA PRADESH,50,170288.99,113086.85,41987.69,15214.45,3614346,4852847,8467193,1602,137730,27595,385
3/15/2013,GOA,16,MAHARASHTRA,33,148969.04,97771.77,36414.52,14782.75,3623439,6104904,9728343,8210,87452,60076,355
3/15/2013,GOA,17,MANIPUR,9,11274.03,7908.73,2579.5,785.8,194887,68367,263254,386,3919,1201,35
3/15/2013,GOA,18,MEGHALAYA,7,14008.99,9562.87,3411.07,1035.05,216333,85500,301833,290,10331,1851,36
3/15/2013,GOA,19,MIZORAM,8,6302.14,4331.58,1521.5,449.06,89903,18975,108878,560,5905,1630,20
3/15/2013,GOA,20,NAGALAND,11,7957.58,5607.04,1759.75,590.79,180092,31254,211346,275,2972,1302,29
3/15/2013,GOA,21,ORISSA,30,156204.83,104509.1,37841.95,13853.78,4485050,2571598,7056648,818,70663,25160,289
3/15/2013,GOA,22,PUDUCHERRY,1,572.56,481.72,0,90.84,18000,0,18000,0,26,16,3
3/15/2013,GOA,23,PUNJAB,20,24134.47,15139.89,6532.4,2462.18,623198,544370,1167568,411,7464,3274,81
3/15/2013,GOA,24,RAJASTHAN,32,102243.17,69096.73,25759.93,7386.51,1960903,5023430,6984333,1544,85662,32269,317
3/15/2013,GOA,25,SIKKIM,4,2053.82,1338.56,440.74,274.52,51302,35712,87014,789,1604,340,12
3/15/2013,GOA,26,TAMIL NADU,29,114367.01,69366.01,28683.56,16317.44,4422133,4244955,8667088,1438,53678,27970,249
3/15/2013,GOA,27,TRIPURA,4,9838.52,6120.24,2400.5,1317.78,454757,169017,623774,226,6833,6024,35
3/15/2013,GOA,28,UTTAR PRADESH,71,294726,192171.8,71925.16,30629.04,8303794,12372693,20676487,2366,269860,107302,428
3/15/2013,GOA,29,UTTARAKHAND,13,15091.07,9993.12,3641.26,1456.69,441631,444670,886301,470,3925,1601,81
3/15/2013,GOA,30,WEST BENGAL,19,174147.94,111799.51,43820.36,18528.07,6619158,4997498,11616656,1140,134081,84168,441
3/15/2013,GOA,,Total,607,2267236.73,1488892.13,554919.94,223424.66,61838922,63887805,125726727,33684,1375234,534931,4634
3/15/2013,GUJARAT,1,AHMEDABAD,23-04-2002,2767.54,1325.24,764.05,678.25,80192,169360,249552,35,920,678,31
3/15/2013,GUJARAT,2,AMRELI,24-09-2004,2491.08,1399.65,657.71,433.72,67802,85978,153780,52,1131,833,10
3/15/2013,GUJARAT,3,ANAND,24-09-2004,2680.53,1249.35,755.98,675.2,72058,65359,137417,52,628,488,1
3/15/2013,GUJARAT,4,BANAS KANTHA,24-09-2004,4321.31,2796.79,1063.29,461.23,126536,248418,374954,62,3588,1658,0
3/15/2013,GUJARAT,5,BHARUCH,24-09-2004,2688.39,1655.71,748.33,284.35,78463,66044,144507,72,2145,1154,10
3/15/2013,GUJARAT,6,BHAVNAGAR,24-09-2004,1017.5,668.26,232.7,116.54,31305,87900,119205,54,600,1145,0
3/15/2013,GUJARAT,7,DAHOD,24-09-2004,3755.19,2424.65,872.41,458.13,134798,63693,198491,87,1894,2297,0
3/15/2013,GUJARAT,8,DANGS,24-09-2004,807.73,528.9,181.13,97.7,27900,16143,44043,40,216,290,0
3/15/2013,GUJARAT,9,GANDHINAGAR,23-04-2002,696.41,485.75,148.61,62.05,13830,134168,147998,50,327,842,10
3/15/2013,GUJARAT,10,JAMNAGAR,24-09-2004,2182.87,1459.78,519.77,203.32,45478,121757,167235,150,1877,1435,0
3/15/2013,GUJARAT,11,JUNAGADH,24-09-2004,2207.5,1511.29,479.58,216.63,56444,155606,212050,50,1424,515,10
3/15/2013,GUJARAT,12,KACHCHH,24-09-2004,1929.39,1254.55,487.86,186.98,45596,172755,218351,84,1534,377,10
3/15/2013,GUJARAT,13,KHEDA,24-09-2004,4524.98,2938.23,1105.86,480.89,140212,158858,299070,81,2699,2284,10
3/15/2013,GUJARAT,14,MAHESANA,7/2/2000,2434.98,1611.23,591.71,232.04,61499,175540,237039,53,1995,1128,10
3/15/2013,GUJARAT,15,NARMADA,24-09-2004,1990.23,1321.12,468.09,201.02,58730,17385,76115,100,659,757,0
3/15/2013,GUJARAT,16,NAVSARI,24-09-2004,2111.87,1378.84,490.67,242.36,75015,91094,166109,45,1347,1369,10
3/15/2013,GUJARAT,17,PANCH MAHALS,24-09-2004,4868.75,3146.22,1133.76,588.77,156835,223369,380204,61,3272,1578,22
3/15/2013,GUJARAT,18,PATAN,11/3/2005,1886.19,1256.48,406.13,223.58,58741,122970,181711,58,760,773,10
3/15/2013,GUJARAT,19,PORBANDAR,27-12-2004,832.1,510.42,208.27,113.41,17024,49264,66288,64,715,178,4
3/15/2013,GUJARAT,20,RAJKOT,7/2/2000,2881.35,1928.31,622.35,330.69,78753,187031,265784,71,2532,820,10
3/15/2013,GUJARAT,21,SABAR KANTHA,24-09-2004,5914.82,3803.94,1627.77,483.11,151382,297657,449039,63,3611,1304,0
3/15/2013,GUJARAT,22,SURAT,7/2/2000,5098.82,3352.76,1169.57,576.49,158797,155542,314339,51,1878,2443,0
3/15/2013,GUJARAT,23,SURENDRANAGAR,24-09-2004,2679.4,1724.97,659.63,294.8,83235,181248,264483,55,727,1024,0
3/15/2013,GUJARAT,24,VADODARA,24-09-2004,5186.12,2988.53,1361.87,835.72,140958,243750,384708,50,2929,3748,10
3/15/2013,GUJARAT,25,VALSAD,24-09-2004,2276.91,1203.93,595.88,477.1,85274,40741,126015,131,1031,1398,0
3/15/2013,GUJARAT,,Total,,70231.96,43924.9,17352.98,8954.08,2046857,3331630,5378487,1671,40439,30516,168
3/15/2013,HARYANA,1,AMBALA,7/11/2003,1753.61,1131.99,436.44,185.18,43428,67548,110976,65,576,591,6
3/15/2013,HARYANA,2,BHIWANI,29-01-2002,1201.35,792.64,252.84,155.87,48947,70327,119274,50,344,587,0
3/15/2013,HARYANA,3,FARIDABAD,7/11/2003,885.66,569.78,206.76,109.12,22254,83065,105319,76,310,640,6
3/15/2013,HARYANA,4,FATEHABAD,14-01-2004,1141.97,624.73,303.02,214.22,25642,58681,84323,80,762,460,0
3/15/2013,HARYANA,5,GURGAON,18-03-2002,520.83,335.24,118.98,66.61,10522,51888,62410,59,492,399,0
3/15/2013,HARYANA,6,HISAR,7/11/2003,1576.33,1021.19,362.55,192.6,46463,101738,148201,65,805,391,0
3/15/2013,HARYANA,7,JHAJJAR,7/11/2003,891.5,591.44,201.2,98.86,22014,72731,94745,67,160,655,0
3/15/2013,HARYANA,8,JIND,14-01-2004,2028.91,1129.18,546.04,353.69,58000,120534,178534,82,233,448,0
3/15/2013,HARYANA,9,KAITHAL,7/11/2003,1295.2,639.22,343.34,312.64,37046,46392,83438,83,253,8,0
3/15/2013,HARYANA,10,KARNAL,20-10-2000,1254.24,702.55,328.62,223.07,45973,126699,172672,76,970,582,0
3/15/2013,HARYANA,11,KURUKSHETRA,7/11/2003,1248.57,694.64,338.67,215.26,30598,67780,98378,100,563,465,0
3/15/2013,HARYANA,12,MAHENDRAGARH,14-01-2004,625.34,394.2,139.2,91.94,17500,80000,97500,81,253,554,0
3/15/2013,HARYANA,13,MEWAT,12/10/2006,947.93,634.09,221.59,92.25,21875,99024,120899,50,497,185,0
3/15/2013,HARYANA,14,PANCHKULA,14-01-2004,397.79,257.66,92.07,48.06,8760,18801,27561,58,126,68,0
3/15/2013,HARYANA,15,PANIPAT,7/11/2003,1016.81,489.84,263.53,263.44,28000,39720,67720,64,182,216,0
3/15/2013,HARYANA,16,REWARI,20-02-2003,1156.72,763.99,272.43,120.3,30000,66388,96388,50,694,0,0
3/15/2013,HARYANA,17,ROHTAK,7/11/2003,751.85,479.1,168.23,104.52,22171,79851,102022,79,156,17,0
3/15/2013,HARYANA,18,SIRSA,20-02-2003,1009.16,650.49,218.3,140.37,35400,28111,63511,50,400,354,0
3/15/2013,HARYANA,19,SONIPAT,20-02-2003,1130.43,563.34,302.5,264.6,29808,94725,124533,50,100,368,5
3/15/2013,HARYANA,20,YAMUNANAGAR,20-10-2000,2253.64,1457.36,570.7,225.58,52539,84491,137030,50,1284,611,0
3/15/2013,HARYANA,,Total,,23087.84,13922.67,5687.01,3478.18,636940,1458494,2095434,1335,9160,7599,17
3/15/2013,HIMACHAL PRADESH,1,BILASPUR,15-07-2005,1157.15,793.98,284.38,78.79,11931,38738,50669,100,957,500,6
3/15/2013,HIMACHAL PRADESH,2,CHAMBA,17-05-2005,2367.96,1360.06,622.82,385.08,44429,31646,76075,50,1778,105,10
3/15/2013,HIMACHAL PRADESH,3,HAMIRPUR,18-03-2002,1281.89,888.67,316.82,76.4,11593,45592,57185,60,1400,900,3
3/15/2013,HIMACHAL PRADESH,4,KANGRA,12/3/2003,4345.77,3087.38,1063.16,195.23,45000,159201,204201,116,4000,4200,4
3/15/2013,HIMACHAL PRADESH,5,KINNAUR,20-02-2003,301.07,207.89,76.88,16.3,1560,13383,14943,65,350,226,1
3/15/2013,HIMACHAL PRADESH,6,KULLU,12/3/2003,1145.97,776.61,296.66,72.7,9989,41986,51975,150,1150,956,2
3/15/2013,HIMACHAL PRADESH,7,LAHAUL & SPITI,23-11-2005,154.05,103.22,41.47,9.36,2413,3049,5462,4,263,112,1
3/15/2013,HIMACHAL PRADESH,8,MANDI,17-05-2005,2287.1,1359.93,627.46,299.71,34407,117797,152204,100,3409,224,10
3/15/2013,HIMACHAL PRADESH,9,SHIMLA,17-05-2005,1864.86,1293.65,452.59,118.62,23874,53231,77105,70,2489,923,10
3/15/2013,HIMACHAL PRADESH,10,SIRMAUR,3/3/2000,2707.19,1875.3,686.5,145.39,13753,44978,58731,264,2804,223,6
3/15/2013,HIMACHAL PRADESH,11,SOLAN,20-02-2003,1265.26,845.41,339.09,80.76,10858,38230,49088,225,1288,1244,4
3/15/2013,HIMACHAL PRADESH,12,UNA,20-02-2003,754.28,526.3,189.5,38.48,8360,44752,53112,25,850,695,2
3/15/2013,HIMACHAL PRADESH,,Total,,19632.55,13118.4,4997.33,1516.82,218167,632583,850750,1229,20738,10308,59
3/15/2013,JAMMU & KASHMIR,2,ARUNACHAL PRADESH,16,6700.94,4662.35,1562.98,475.61,115560,18301,133861,318,3944,1866,39
3/15/2013,JAMMU & KASHMIR,3,ASSAM,26,92814.8,65248.07,20582.96,6983.77,2220017,1161020,3381037,211,34772,16819,115
3/15/2013,JAMMU & KASHMIR,4,BIHAR,38,293380.8,197840.73,71151.11,24388.96,6195779,4975535,11171314,2362,102268,16444,364
3/15/2013,JAMMU & KASHMIR,5,CHHATTISGARH,16,67877.81,45596.64,16475.61,5805.56,1568600,1823853,3392453,618,52338,10211,106
3/15/2013,JAMMU & KASHMIR,6,D & N HAVELI,1,91,80.69,0,10.31,2480,0,2480,12,0,0,1
3/15/2013,JAMMU & KASHMIR,7,GOA,2,1059.43,634.96,292.25,132.22,17935,27388,45323,150,731,547,3
3/15/2013,JAMMU & KASHMIR,8,GUJARAT,25,70231.96,43924.9,17352.98,8954.08,2046857,3331630,5378487,1671,40439,30516,168
3/15/2013,JAMMU & KASHMIR,9,HARYANA,20,23087.84,13922.67,5687,3478.17,636940,1458494,2095434,1335,9160,7599,17
3/15/2013,JAMMU & KASHMIR,10,HIMACHAL PRADESH,12,19632.55,13118.4,4997.33,1516.82,218167,632583,850750,1229,20738,10308,59
3/15/2013,JAMMU & KASHMIR,11,JAMMU & KASHMIR,21,40598.74,28374.07,9628.36,2596.31,703071,767732,1470803,1080,27277,1070,103
3/15/2013,JAMMU & KASHMIR,12,JHARKHAND,24,90728.43,60485.48,22185.77,8057.18,2327306,1402189,3729495,1203,42687,11472,249
3/15/2013,JAMMU & KASHMIR,13,KARNATAKA,29,108474.68,70077.23,26898.26,11499.19,2889224,2981691,5870915,1305,39267,26353,296
3/15/2013,JAMMU & KASHMIR,14,KERALA,14,22189.92,11873.91,5544.08,4771.93,961831,111911,1073742,1090,3600,4957,98
3/15/2013,JAMMU & KASHMIR,15,MADHYA PRADESH,50,170288.99,113086.85,41987.69,15214.45,3614346,4852847,8467193,1602,137730,27595,385
3/15/2013,JAMMU & KASHMIR,16,MAHARASHTRA,33,148969.04,97771.77,36414.52,14782.75,3623439,6104904,9728343,8210,87452,60076,355
3/15/2013,JAMMU & KASHMIR,17,MANIPUR,9,11274.03,7908.73,2579.5,785.8,194887,68367,263254,386,3919,1201,35
3/15/2013,JAMMU & KASHMIR,18,MEGHALAYA,7,14008.99,9562.87,3411.07,1035.05,216333,85500,301833,290,10331,1851,36
3/15/2013,JAMMU & KASHMIR,19,MIZORAM,8,6302.14,4331.58,1521.5,449.06,89903,18975,108878,560,5905,1630,20
3/15/2013,JAMMU & KASHMIR,20,NAGALAND,11,7957.58,5607.04,1759.75,590.79,180092,31254,211346,275,2972,1302,29
3/15/2013,JAMMU & KASHMIR,21,ORISSA,30,156204.83,104509.1,37841.95,13853.78,4485050,2571598,7056648,818,70663,25160,289
3/15/2013,JAMMU & KASHMIR,22,PUDUCHERRY,1,572.56,481.72,0,90.84,18000,0,18000,0,26,16,3
3/15/2013,JAMMU & KASHMIR,23,PUNJAB,20,24134.47,15139.89,6532.4,2462.18,623198,544370,1167568,411,7464,3274,81
3/15/2013,JAMMU & KASHMIR,24,RAJASTHAN,32,102243.17,69096.73,25759.93,7386.51,1960903,5023430,6984333,1544,85662,32269,317
3/15/2013,JAMMU & KASHMIR,25,SIKKIM,4,2053.82,1338.56,440.74,274.52,51302,35712,87014,789,1604,340,12
3/15/2013,JAMMU & KASHMIR,26,TAMIL NADU,29,114367.01,69366.01,28683.56,16317.44,4422133,4244955,8667088,1438,53678,27970,249
3/15/2013,JAMMU & KASHMIR,27,TRIPURA,4,9838.52,6120.24,2400.5,1317.78,454757,169017,623774,226,6833,6024,35
3/15/2013,JAMMU & KASHMIR,28,UTTAR PRADESH,71,294726,192171.8,71925.16,30629.04,8303794,12372693,20676487,2366,269860,107302,428
3/15/2013,JAMMU & KASHMIR,29,UTTARAKHAND,13,15091.07,9993.12,3641.26,1456.69,441631,444670,886301,470,3925,1601,81
3/15/2013,JAMMU & KASHMIR,30,WEST BENGAL,19,174147.94,111799.51,43820.36,18528.07,6619158,4997498,11616656,1140,134081,84168,441
3/15/2013,JAMMU & KASHMIR,,Total,607,2267236.73,1488892.13,554919.94,223424.66,61838922,63887805,125726727,33684,1375234,534931,4634
3/15/2013,JHARKHAND,1,BOKARO,22-03-2001,4433.2,2956.3,1099.63,377.27,104627,102176,206803,40,1814,249,8
3/15/2013,JHARKHAND,2,CHATRA,27-12-2004,3978.16,2661.34,977.35,339.47,98223,25280,123503,50,1134,526,10
3/15/2013,JHARKHAND,3,DEOGHAR,11/3/2005,2228.74,1444.93,516.18,267.63,75153,88207,163360,50,464,1057,10
3/15/2013,JHARKHAND,4,DHANBAD,7/2/2000,4399.71,2963.46,1099.78,336.47,104672,89302,193974,62,2820,73,10
3/15/2013,JHARKHAND,5,DUMKA,29-01-2002,5592.6,3530,1366.71,695.89,148732,42024,190756,50,2926,202,10
3/15/2013,JHARKHAND,6,GARHWA,27-12-2004,3784.05,2528.86,908.41,346.78,95558,69177,164735,50,1303,714,10
3/15/2013,JHARKHAND,7,GIRIDIH,27-12-2004,6792.67,4554.06,1679.11,559.5,155100,44190,199290,50,2472,1762,10
3/15/2013,JHARKHAND,8,GODDA,27-12-2004,3461.16,2265.64,855.32,340.2,95732,114088,209820,50,1612,315,10
3/15/2013,JHARKHAND,9,GUMLA,27-12-2004,3331.13,2231.77,798.28,301.08,97098,101793,198891,50,1190,307,10
3/15/2013,JHARKHAND,10,HAZARIBAGH,29-01-2002,4693.7,3072.09,1137.9,483.71,140453,71402,211855,105,1563,169,15
3/15/2013,JHARKHAND,11,JAMTARA,27-12-2004,2541.97,1682.3,621.33,238.34,68040,62374,130414,50,626,620,10
3/15/2013,JHARKHAND,12,KHUNTI,22-07-2008,2549.88,1736.96,641.2,171.72,45773,11493,57266,12,1791,196,12
3/15/2013,JHARKHAND,13,KODERMA,27-12-2004,1713.47,1145.65,416.75,151.07,39950,37106,77056,50,472,440,10
3/15/2013,JHARKHAND,14,LATEHAR,27-12-2004,3543.85,2373.11,867.59,303.15,79635,14552,94187,50,2058,649,16
3/15/2013,JHARKHAND,15,LOHARDAGA,27-12-2004,869.92,577.02,199.91,92.99,22626,25229,47855,50,626,307,10
3/15/2013,JHARKHAND,16,PAKUR,27-12-2004,2527.91,1695.61,608,224.3,72250,29077,101327,50,1601,685,10
3/15/2013,JHARKHAND,17,PALAMU,27-12-2004,3577.28,2382.22,854.31,340.75,91152,138623,229775,50,1927,99,10
3/15/2013,JHARKHAND,18,PASCHIM SINGHBHUM,27-12-2004,6427.06,4303.83,1598.34,524.89,170083,33439,203522,50,3063,361,10
3/15/2013,JHARKHAND,19,PURBI SINGHBHUM,23-04-2002,2618.39,1746.17,582.12,290.1,97196,119789,216985,52,2248,337,10
3/15/2013,JHARKHAND,20,RAMGARH,22-07-2008,2236.36,1498.82,558.49,179.05,48992,16857,65849,40,670,40,8
3/15/2013,JHARKHAND,21,RANCHI,23-04-2002,8346.42,5682.84,2059.03,604.55,197639,41036,238675,42,5900,1032,10
3/15/2013,JHARKHAND,22,SAHIBGANJ,27-12-2004,4031.6,2697.09,985.57,348.94,112798,12484,125282,50,1238,800,10
3/15/2013,JHARKHAND,23,SERAIKELA KHARSAWAN,27-12-2004,4294.78,2885.62,1061.22,347.94,105319,62645,167964,50,1752,357,10
3/15/2013,JHARKHAND,24,SIMDEGA,27-12-2004,2754.42,1869.79,693.24,191.39,60505,49846,110351,50,1417,175,10
3/15/2013,JHARKHAND,,Total,,90728.43,60485.48,22185.77,8057.18,2327306,1402189,3729495,1203,42687,11472,249
3/15/2013,KARNATAKA,1,BAGALKOT,17-05-2005,2742.49,1805.71,665.37,271.41,74926,175385,250311,58,745,1118,10
3/15/2013,KARNATAKA,2,BANGALORE RURAL,11/3/2005,2229.57,1587.61,315.68,326.28,63044,39979,103023,10,1420,414,5
3/15/2013,KARNATAKA,3,BANGALORE URBAN,17-05-2005,2436.51,1602.35,587.61,246.55,71892,28299,100191,50,86,454,10
3/15/2013,KARNATAKA,4,BELGAUM,11/3/2005,7526.43,4897.97,1942.03,686.43,196594,501172,697766,50,3290,1962,10
3/15/2013,KARNATAKA,5,BELLARY,7/2/2000,3565.21,2362.11,861.69,341.41,100252,85854,186106,93,859,582,2
3/15/2013,KARNATAKA,6,BIDAR,17-05-2005,3122.13,2112.17,757.92,252.04,58384,125768,184152,51,1426,1165,10
3/15/2013,KARNATAKA,7,BIJAPUR,17-05-2005,5553.91,3713.75,1413.56,426.6,127172,108608,235780,50,2129,1793,10
3/15/2013,KARNATAKA,8,CHAMARAJANAGAR,11/3/2005,4157.73,2768.67,1004.45,384.61,110188,28797,138985,50,369,1269,10
3/15/2013,KARNATAKA,9,CHICKMAGALUR,11/3/2005,2447.33,1579.36,618.04,249.93,67568,70603,138171,35,1852,764,10
3/15/2013,KARNATAKA,10,CHIKBALLAPUR,4/8/2010,3442.23,2187.65,966.24,288.34,89907,36479,126386,12,941,42,6
3/15/2013,KARNATAKA,11,CHITRADURGA,11/3/2005,3045.66,2022.87,735.63,287.16,75400,130585,205985,50,1422,1021,28
3/15/2013,KARNATAKA,12,DAVANGERE,11/3/2005,4632.24,3040.06,1141.57,450.61,122530,129754,252284,50,1385,972,10
3/15/2013,KARNATAKA,13,DHARWAD,11/3/2005,1894.74,1284.34,452.8,157.6,53596,60267,113863,25,930,1051,10
3/15/2013,KARNATAKA,14,GADAG,11/3/2005,2072.7,1120.68,563.7,388.32,46821,39520,86341,50,291,431,10
3/15/2013,KARNATAKA,15,GULBARGA,17-05-2005,9825.09,6459.55,2429.12,936.42,269726,172264,441990,50,4024,2232,10
3/15/2013,KARNATAKA,16,HASSAN,11/3/2005,2568.92,1700.64,599.83,268.45,64134,216283,280417,50,1902,1173,10
3/15/2013,KARNATAKA,17,HAVERI,11/3/2005,3749.61,2495.35,910.15,344.11,98436,57875,156311,53,818,785,10
3/15/2013,KARNATAKA,18,KODAGU,17-05-2005,1541.07,1025.86,357.72,157.49,38838,18095,56933,50,179,287,9
3/15/2013,KARNATAKA,19,KOLAR,11/3/2005,1946.48,1388.58,417.94,139.96,43183,83210,126393,12,981,64,5
3/15/2013,KARNATAKA,20,KOPPAL,11/3/2005,2610.56,1518.43,677.36,414.77,60869,177618,238487,50,870,987,3
3/15/2013,KARNATAKA,21,MANDYA,11/3/2005,5692.09,3103.45,1559.51,1029.13,128782,148152,276934,50,1631,914,10
3/15/2013,KARNATAKA,22,MANGALORE(DAKSHINA KANNADA),7/2/2000,1660.4,1076.85,361.76,221.79,59478,35532,95010,70,1236,505,15
3/15/2013,KARNATAKA,23,MYSORE,7/2/2000,5486.65,3546.31,1376.25,564.09,160601,42639,203240,54,1059,656,20
3/15/2013,KARNATAKA,24,RAICHUR,17-05-2005,4382.99,2939.25,1086.5,357.24,104887,120627,225514,52,1464,230,10
3/15/2013,KARNATAKA,25,RAMANAGARA,4/8/2010,1966.83,1290.3,455.99,220.54,41876,58807,100683,10,1186,501,0
3/15/2013,KARNATAKA,26,SHIMOGA,11/3/2005,2626.03,1724.77,548.56,352.7,99428,40151,139579,50,1616,986,23
3/15/2013,KARNATAKA,27,TUMKUR,17-05-2005,8751.31,5640.49,2325.02,785.8,242872,137654,380526,50,2242,1845,10
3/15/2013,KARNATAKA,28,UDUPI,11/3/2005,1719.18,836.99,476.14,406.05,52348,34286,86634,20,618,431,10
3/15/2013,KARNATAKA,29,UTTAR KANNADA,17-05-2005,5078.59,3245.11,1290.12,543.36,165492,77428,242920,50,2296,1719,10
3/15/2013,KARNATAKA,,Total,,108474.68,70077.23,26898.26,11499.19,2889224,2981691,5870915,1305,39267,26353,296
3/15/2013,KERALA,1,ALAPPUZHA,29-01-2002,1611.93,1040.24,328.98,242.71,114359,2189,116548,107,166,246,10
3/15/2013,KERALA,2,ERNAKULAM,12/3/2003,1520.55,743.42,396.46,380.67,54585,16069,70654,62,365,394,9
3/15/2013,KERALA,3,IDUKKI,12/3/2003,2325.86,1016.15,650.77,658.94,86535,11880,98415,51,116,188,4
3/15/2013,KERALA,4,KANNUR,12/3/2003,984.83,487.38,265.88,231.57,34121,0,34121,56,168,350,5
3/15/2013,KERALA,5,KASARGOD,15-01-2001,1761.91,875.88,468.02,418.01,56965,23300,80265,57,281,382,4
3/15/2013,KERALA,6,KOLLAM,10/1/2001,1573.46,1026.36,325.72,221.38,95130,7290,102420,400,410,351,10
3/15/2013,KERALA,7,KOTTAYAM,23-11-2005,1114.37,553.72,309.11,251.54,28118,1646,29764,40,182,133,5
3/15/2013,KERALA,8,KOZHIKODE,12/3/2003,931.88,432.46,249.41,250.01,42285,2086,44371,30,253,250,7
3/15/2013,KERALA,9,MALAPPURAM,29-01-2002,1302.3,852.72,285.96,163.62,60592,3996,64588,55,448,272,10
3/15/2013,KERALA,10,PALAKKAD,12/3/2003,2979.05,1396.7,800.5,781.85,107018,24424,131442,49,289,520,7
3/15/2013,KERALA,11,PATHANAMTHITTA,12/3/2003,1327.24,557,365.59,404.65,53799,1200,54999,25,172,121,5
3/15/2013,KERALA,12,THIRUVANANTHAPURAM,29-01-2002,2157.69,1407.08,461.37,289.24,129000,9482,138482,58,350,817,10
3/15/2013,KERALA,13,THRISSUR,12/3/2003,1469.59,739.57,386.79,343.23,48669,5868,54537,59,316,839,9
3/15/2013,KERALA,14,WAYANAD,29-01-2002,1129.26,745.23,249.52,134.51,50655,2481,53136,41,84,94,3
3/15/2013,KERALA,,Total,,22189.92,11873.91,5544.08,4771.93,961831,111911,1073742,1090,3600,4957,98
3/15/2013,MADHYA PRADESH,1,ALIRAJPUR,4/8/2010,1960.76,1347.87,497.06,115.83,38225,37210,75435,9,2140,586,10
3/15/2013,MADHYA PRADESH,2,ANUPPUR,13-08-2007,1496.69,978.89,345.29,172.51,39615,72695,112310,26,1984,1007,4
3/15/2013,MADHYA PRADESH,3,ASHOKNAGAR,13-08-2007,2945.88,2000.51,741.73,203.64,54450,51854,106304,0,2362,130,0
3/15/2013,MADHYA PRADESH,4,BALAGHAT,24-07-2003,6541.24,4358.39,1564.02,618.83,171243,105357,276600,54,2852,1989,8
3/15/2013,MADHYA PRADESH,5,BARWANI,24-07-2003,3586,2436.88,875.66,273.46,75695,49508,125203,41,2666,1846,7
3/15/2013,MADHYA PRADESH,6,BETUL,29-01-2002,2058.81,1394.1,505.8,158.91,43427,117664,161091,38,2412,455,10
3/15/2013,MADHYA PRADESH,7,BHIND,24-07-2003,2802.57,1917.48,701.56,183.53,42573,148810,191383,31,2460,160,6
3/15/2013,MADHYA PRADESH,8,BHOPAL,20-02-2003,905.92,614.17,212.34,79.41,20010,39539,59549,20,589,165,4
3/15/2013,MADHYA PRADESH,9,BURHANPUR,13-08-2007,1911.22,1263.09,492.12,156.01,41047,48092,89139,18,971,349,0
3/15/2013,MADHYA PRADESH,10,CHHATARPUR,24-07-2003,3953.76,2681.58,987.2,284.98,74861,165480,240341,62,3068,240,5
3/15/2013,MADHYA PRADESH,11,CHHINDWARA,20-02-2003,6143.57,4168.78,1524.67,450.12,116436,186478,302914,50,6107,418,10
3/15/2013,MADHYA PRADESH,12,DAMOH,24-07-2003,4410.47,2984.15,1064.71,361.61,99131,78822,177953,50,1944,158,7
3/15/2013,MADHYA PRADESH,13,DATIA,24-07-2003,1267.2,867.16,334.3,65.74,11997,35651,47648,30,2155,70,3
3/15/2013,MADHYA PRADESH,14,DEWAS,24-07-2003,2565.47,1718.22,601.96,245.29,59245,106423,165668,50,1927,25,10
3/15/2013,MADHYA PRADESH,15,DHAR,24-07-2003,4023.3,2697,957.39,368.91,100281,98820,199101,52,3503,490,10
3/15/2013,MADHYA PRADESH,16,DINDORI,24-07-2003,2904.53,1972.06,696.43,236.04,63701,63086,126787,12,1708,750,7
3/15/2013,MADHYA PRADESH,17,GUNA,24-07-2003,3293.17,2233.43,830.22,229.52,53901,60419,114320,10,3664,86,10
3/15/2013,MADHYA PRADESH,18,GWALIOR,30-08-2000,1615.38,1094.45,384.69,136.24,32128,111287,143415,53,1897,142,4
3/15/2013,MADHYA PRADESH,19,HARDA,24-07-2003,1356.58,930.18,340.63,85.77,23589,46014,69603,5,1742,223,4
3/15/2013,MADHYA PRADESH,20,HOSHANGABAD,30-08-2000,1455.64,960.98,337.52,157.14,50677,76631,127308,78,1686,725,10
3/15/2013,MADHYA PRADESH,21,INDORE,13-02-2003,1904.55,1255.95,478.1,170.5,48998,114548,163546,20,1502,721,10
3/15/2013,MADHYA PRADESH,22,JABALPUR,24-07-2003,3264.34,2156.32,729.18,378.84,106290,88024,194314,44,2240,260,10
3/15/2013,MADHYA PRADESH,23,JHABUA,24-07-2003,2913.48,1936.76,685.77,290.95,81491,32863,114354,9,2140,586,10
3/15/2013,MADHYA PRADESH,24,KATNI,24-07-2003,2356.97,1591.63,564.02,201.32,53000,117095,170095,15,2079,921,6
3/15/2013,MADHYA PRADESH,25,KHANDWA(EAST NIMAR),23-04-2002,3023.31,2091.62,698.87,232.82,60123,58327,118450,40,2960,1375,8
3/15/2013,MADHYA PRADESH,26,KHARGONE,24-07-2003,4387.93,2957.07,1056.43,374.43,91083,152741,243824,50,3498,687,10
3/15/2013,MADHYA PRADESH,27,MANDLA,12/3/2003,3998.87,2700.71,964.26,333.9,98650,73826,172476,0,3064,176,10
3/15/2013,MADHYA PRADESH,28,MANDSAUR,13-02-2003,1734.39,1155.05,398.09,181.25,46666,119498,166164,50,1092,341,10
3/15/2013,MADHYA PRADESH,29,MORENA,24-07-2003,1740.9,1186.46,430.34,124.1,32478,169027,201505,50,2151,142,7
3/15/2013,MADHYA PRADESH,30,NARSINGHPUR,30-08-2000,2552.66,1706.49,599.1,247.07,67857,58600,126457,78,1720,913,6
3/15/2013,MADHYA PRADESH,31,NEEMUCH,24-07-2003,1512.54,1031.75,364.06,116.73,27790,86180,113970,39,1412,103,10
3/15/2013,MADHYA PRADESH,32,PANNA,24-07-2003,6268.42,4326.6,1643.45,298.37,72600,186451,259051,15,9254,117,10
3/15/2013,MADHYA PRADESH,33,RAISEN,30-08-2000,3499.88,2338.82,842.56,318.5,88825,86117,174942,27,3000,869,10
3/15/2013,MADHYA PRADESH,34,RAJGARH,23-04-2002,3854.44,2598.48,899.33,356.63,94365,80166,174531,44,3206,244,10
3/15/2013,MADHYA PRADESH,35,RATLAM,24-07-2003,2002.65,1344.58,458.73,199.34,51248,88719,139967,24,1392,158,6
3/15/2013,MADHYA PRADESH,36,REWA,13-02-2003,7676.61,4560.04,2090.66,1025.91,121538,197742,319280,9,8902,2153,10
3/15/2013,MADHYA PRADESH,37,SAGAR,24-07-2003,9087,5631.34,2370.7,1084.96,208079,137113,345192,22,3749,139,11
3/15/2013,MADHYA PRADESH,38,SATNA,24-07-2003,9696.16,5725.11,2541.41,1429.64,225199,119149,344348,66,3358,1845,8
3/15/2013,MADHYA PRADESH,39,SEHORE,30-08-2000,2183.91,1496.35,543.95,143.61,34355,86987,121342,4,3230,62,10
3/15/2013,MADHYA PRADESH,40,SEONI,2/5/2003,3824.66,2573.32,910.43,340.91,104769,122727,227496,10,2794,1718,4
3/15/2013,MADHYA PRADESH,41,SHAHDOL,24-07-2003,3312.37,2221.07,776.12,315.18,84802,74157,158959,45,2500,878,9
3/15/2013,MADHYA PRADESH,42,SHAJAPUR,24-07-2003,3302.24,2250.05,807,245.19,65429,91295,156724,18,3259,313,8
3/15/2013,MADHYA PRADESH,43,SHEOPUR,24-07-2003,1081.77,745.88,257.14,78.75,18198,63230,81428,10,1054,189,10
3/15/2013,MADHYA PRADESH,44,SHIVPURI,24-07-2003,3320.76,2229.87,829.76,261.13,65212,149252,214464,52,2814,148,8
3/15/2013,MADHYA PRADESH,45,SIDHI,24-07-2003,5118.91,3465.78,1179.46,473.67,127045,68292,195337,20,1458,488,9
3/15/2013,MADHYA PRADESH,46,SINGRAULI,4/8/2010,3718.42,2429.16,976.07,313.19,53722,98994,152716,7,1936,472,3
3/15/2013,MADHYA PRADESH,47,TIKAMGARH,13-02-2003,4759.02,3281.72,1201.48,275.82,66866,97843,164709,30,5086,112,6
3/15/2013,MADHYA PRADESH,48,UJJAIN,2/5/2003,3878.22,2649.56,956.11,272.55,68225,166634,234859,50,3800,1006,10
3/15/2013,MADHYA PRADESH,49,UMARIA,24-07-2003,2513.42,1714.93,618.92,179.57,40359,78621,118980,51,2303,300,10
3/15/2013,MADHYA PRADESH,50,VIDISHA,24-07-2003,4602.03,3115.01,1120.89,366.13,96852,88789,185641,14,2940,145,7
3/15/2013,MADHYA PRADESH,,Total,,170288.99,113086.85,41987.69,15214.45,3614346,4852847,8467193,1602,137730,27595,385
3/15/2013,MAHARASHTRA,1,AHMEDNAGAR,23-04-2002,4545.41,2935.06,1064.81,545.54,134247,304214,438461,50,2800,3646,14
3/15/2013,MAHARASHTRA,2,AKOLA,13-02-2003,2959.32,1970.82,712.04,276.46,81443,106045,187488,0,1547,1000,7
3/15/2013,MAHARASHTRA,3,AMRAVATI,7/2/2000,5987.5,3961.39,1456.74,569.37,176172,133894,310066,108,1587,1801,10
3/15/2013,MAHARASHTRA,4,AURANGABAD,22-03-2001,4819.5,3194.93,1160.9,463.67,110190,174106,284296,154,1787,1810,10
3/15/2013,MAHARASHTRA,5,BEED,13-02-2003,4189.63,2776.51,1029.33,383.79,90500,385000,475500,53,3154,1614,10
3/15/2013,MAHARASHTRA,6,BHANDARA,14-01-2004,3128.96,2041.92,731.4,355.64,93065,39555,132620,45,1347,1081,7
3/15/2013,MAHARASHTRA,7,BULDHANA,25-07-2003,5227.7,3487.91,1268.57,471.22,117275,208512,325787,70,2730,1833,28
3/15/2013,MAHARASHTRA,8,CHANDRAPUR,2/3/2001,4881.19,3124.09,1208.52,548.58,143479,148429,291908,66,2022,1833,25
3/15/2013,MAHARASHTRA,9,DHULE,7/2/2000,3871.14,2566.57,909.77,394.8,106598,77574,184172,142,1473,1489,10
3/15/2013,MAHARASHTRA,10,GADCHIROLI,7/11/2003,2352.55,1536.96,530.74,284.85,75900,53113,129013,54,1278,1321,12
3/15/2013,MAHARASHTRA,11,GONDIA,7/11/2003,3646.28,2349.39,833.34,463.55,120714,59502,180216,175,1731,1298,8
3/15/2013,MAHARASHTRA,12,HINGOLI,14-01-2004,2699.49,1788.09,660.17,251.23,52157,146643,198800,200,1797,910,10
3/15/2013,MAHARASHTRA,13,JALGAON,23-04-2002,9719.11,6355.42,2441.97,921.72,214260,304787,519047,725,3627,2618,15
3/15/2013,MAHARASHTRA,14,JALNA,23-04-2002,3125.27,2048.28,744.16,332.83,85470,139011,224481,124,2200,1550,8
3/15/2013,MAHARASHTRA,15,KOLHAPUR,13-02-2003,3203.5,2132.63,770.31,300.56,75993,322439,398432,985,2210,3167,10
3/15/2013,MAHARASHTRA,16,LATUR,7/11/2003,3531.81,2362.48,875.69,293.64,74260,200093,274353,115,2556,1017,10
3/15/2013,MAHARASHTRA,17,NAGPUR,13-02-2003,3912.1,2591.91,970.29,349.9,67367,182311,249678,300,2219,1775,10
3/15/2013,MAHARASHTRA,18,NANDED,7/2/2000,4799.86,3202.91,1192.22,404.73,101990,189813,291803,69,4432,2695,10
3/15/2013,MAHARASHTRA,19,NANDURBAR,23-04-2002,5686.32,3788.13,1409.23,488.96,134118,79135,213253,132,2216,866,6
3/15/2013,MAHARASHTRA,20,NASHIK,7/11/2003,6872.1,4519.83,1657.58,694.69,202284,249900,452184,54,2072,3427,15
3/15/2013,MAHARASHTRA,21,OSMANABAD,25-07-2003,2001.79,1294.66,488.65,218.48,54312,144344,198656,57,1689,752,4
3/15/2013,MAHARASHTRA,22,PARBHANI,14-01-2004,2189.8,1439.62,537.77,212.41,53647,200093,253740,56,1540,863,9
3/15/2013,MAHARASHTRA,23,PUNE,13-02-2003,4835.64,3104.75,1232.22,498.67,97302,305917,403219,633,5684,2480,10
3/15/2013,MAHARASHTRA,24,RAIGAD,7/2/2000,6569.89,4337.97,1662.77,569.15,124656,183838,308494,500,4915,1931,10
3/15/2013,MAHARASHTRA,25,RATNAGIRI,2/3/2001,3019.85,1835.73,734.49,449.63,95726,222099,317825,575,4167,1147,10
3/15/2013,MAHARASHTRA,26,SANGLI,22-03-2001,4578.41,2954.82,1216.7,406.89,50210,199976,250186,900,3274,2151,10
3/15/2013,MAHARASHTRA,27,SATARA,13-02-2003,6239.22,4116.67,1581.12,541.43,83517,306199,389716,852,4419,3431,10
3/15/2013,MAHARASHTRA,28,SINDHUDURG,25-07-2003,2084.95,1346.18,502.92,235.85,43874,73459,117333,460,2292,1050,4
3/15/2013,MAHARASHTRA,29,SOLAPUR,25-07-2003,6243.25,4067.68,1535.61,639.96,167757,291036,458793,52,4045,3378,10
3/15/2013,MAHARASHTRA,30,THANE,7/11/2003,7933.25,5278.51,1804.93,849.81,235922,299502,535424,300,4883,2616,13
3/15/2013,MAHARASHTRA,31,WARDHA,7/11/2003,2270.99,1509.48,521.24,240.27,63339,71069,134408,56,1298,852,8
3/15/2013,MAHARASHTRA,32,WASHIM,14-01-2003,4337.69,2837.65,1098.04,402,107896,97057,204953,50,1526,950,6
3/15/2013,MAHARASHTRA,33,YAVATMAL,22-03-2001,7505.57,4912.82,1870.28,722.47,187799,206239,394038,98,2935,1724,16
3/15/2013,MAHARASHTRA,,Total,,148969.04,97771.77,36414.52,14782.75,3623439,6104904,9728343,8210,87452,60076,355
3/15/2013,MANIPUR,1,BISHNUPUR,12/3/2003,669.2,467.84,150.91,50.45,12152,4850,17002,24,302,84,2
3/15/2013,MANIPUR,2,CHANDEL,13-08-2007,1099.64,770,253.21,76.43,17610,0,17610,50,434,182,5
3/15/2013,MANIPUR,3,CHURACHANDPUR,13-08-2007,1986.26,1398.73,457.12,130.41,33864,3762,37626,50,676,190,7
3/15/2013,MANIPUR,4,IMPHAL EAST,12/3/2003,1008.5,700.15,243.45,64.9,13189,12030,25219,50,804,119,3
3/15/2013,MANIPUR,5,IMPHAL WEST,22-03-2001,942.21,656.51,209.11,76.59,20608,4405,25013,45,156,0,5
3/15/2013,MANIPUR,6,SENAPATI,13-08-2007,2509.77,1766.2,564.69,178.88,47968,28392,76360,50,490,185,1
3/15/2013,MANIPUR,7,TAMENGLONG,13-08-2007,883.84,617.51,204.61,61.72,13380,1486,14866,50,424,0,4
3/15/2013,MANIPUR,8,THOUBAL,12/3/2003,1351.23,954.19,303.18,93.86,23264,5250,28514,42,395,42,3
3/15/2013,MANIPUR,9,UKHRUL,31-07-2006,823.38,577.6,193.22,52.56,12852,8192,21044,25,238,399,5
3/15/2013,MANIPUR,,Total,,11274.03,7908.73,2579.5,785.8,194887,68367,263254,386,3919,1201,35
3/15/2013,MEGHALAYA,1,EAST GARO HILLS,31-07-2006,1899.42,1355.15,443.55,100.72,31739,6469,38208,10,1311,177,10
3/15/2013,MEGHALAYA,2,EAST KHASI HILLS,14-01-2004,2784.15,1957.65,651.34,175.16,42284,32778,75062,50,2148,349,4
3/15/2013,MEGHALAYA,3,JAINTIA HILLS,17-11-2006,1625.05,1141.78,372.82,110.45,31950,6729,38679,50,595,155,5
3/15/2013,MEGHALAYA,4,RI BHOI,23-11-2005,1553.53,1074.04,403.07,76.42,16276,21196,37472,50,1946,305,3
3/15/2013,MEGHALAYA,5,SOUTH GARO HILLS,15-01-2008,1237.23,858.26,307.91,71.06,12891,5346,18237,30,1074,227,4
3/15/2013,MEGHALAYA,6,WEST GARO HILLS,14-01-2004,2772.29,1669.52,728.49,374.28,44385,11179,55564,50,2244,448,4
3/15/2013,MEGHALAYA,7,WEST KHASI HILLS,17-11-2006,2137.32,1506.47,503.89,126.96,36808,1803,38611,50,1013,190,6
3/15/2013,MEGHALAYA,,Total,,14008.99,9562.87,3411.07,1035.05,216333,85500,301833,290,10331,1851,36
3/15/2013,MIZORAM,1,AIZAWL,23-11-2005,1088.11,751.95,265.15,71.01,16525,3497,20022,60,1025,454,5
3/15/2013,MIZORAM,2,CHAMPHAI,23-11-2005,1010.51,695.73,252.24,62.54,11077,1949,13026,54,1097,282,3
3/15/2013,MIZORAM,3,KOLASIB,23-11-2005,489.29,336.08,115.08,38.13,8833,720,9553,20,360,97,3
3/15/2013,MIZORAM,4,LAWNGTLAI,15-07-2005,1079.08,736.95,258.51,83.62,16544,2773,19317,149,908,141,2
3/15/2013,MIZORAM,5,LUNGLEI,15-07-2005,1222.06,836.68,292.49,92.89,19280,4665,23945,150,1287,218,3
3/15/2013,MIZORAM,6,MAMIT,2/5/2003,654.3,448.63,166.18,39.49,5459,2000,7459,50,734,222,0
3/15/2013,MIZORAM,7,SAIHA,20-02-2003,391.32,275.29,87.52,28.51,7238,567,7805,0,214,99,2
3/15/2013,MIZORAM,8,SERCHHIP,15-07-2005,367.47,250.27,84.33,32.87,4947,2804,7751,77,280,117,2
3/15/2013,MIZORAM,,Total,,6302.14,4331.58,1521.5,449.06,89903,18975,108878,560,5905,1630,20
3/15/2013,NAGALAND,1,DIMAPUR,10/10/2000,1254.41,884.82,277.99,91.6,28927,3331,32258,0,450,215,3
3/15/2013,NAGALAND,2,KIPHIRE,4/8/2010,868.68,607.44,206.49,54.75,14316,78,14394,10,194,77,4
3/15/2013,NAGALAND,3,KOHIMA,22-03-2001,713.9,511.98,135.81,66.11,25610,13063,38673,189,365,184,3
3/15/2013,NAGALAND,4,LONGLENG,4/8/2010,363.97,254.21,85.54,24.22,6438,0,6438,8,26,40,2
3/15/2013,NAGALAND,5,MOKOKCHUNG,22-03-2001,516.6,362.24,120.69,33.67,11000,2312,13312,10,430,110,2
3/15/2013,NAGALAND,6,MON,20-02-2006,967.54,681.75,214.63,71.16,20631,7839,28470,17,368,99,2
3/15/2013,NAGALAND,7,PEREN,31-07-2006,395.83,278.51,86.14,31.18,9018,2325,11343,6,95,148,3
3/15/2013,NAGALAND,8,PHEK,20-01-2007,732,511.32,155.91,64.77,18742,1160,19902,11,155,89,2
3/15/2013,NAGALAND,9,TUENSANG,20-01-2007,578.09,403.52,129.39,45.18,13027,0,13027,5,214,81,3
3/15/2013,NAGALAND,10,WOKHA,31-07-2006,513.83,370.71,106.68,36.44,11813,1146,12959,7,134,196,3
3/15/2013,NAGALAND,11,ZUNHEBOTO,23-04-2002,1052.73,740.54,240.48,71.71,20570,0,20570,12,541,63,2
3/15/2013,NAGALAND,,Total,,7957.58,5607.04,1759.75,590.79,180092,31254,211346,275,2972,1302,29
3/15/2013,ORISSA,1,ANGUL,24-09-2004,4152.45,2794.83,1007.11,350.51,109581,77228,186809,24,2040,795,10
3/15/2013,ORISSA,2,BALANGIR,13-02-2003,6720.7,4496.49,1634.15,590.06,199853,142381,342234,28,2400,915,10
3/15/2013,ORISSA,3,BALESWAR,28-03-2000,6649.37,4416.83,1561.67,670.87,281636,102367,384003,48,3787,1849,10
3/15/2013,ORISSA,4,BARGARH,27-12-2004,6105.44,4080.06,1472.77,552.61,175810,140072,315882,0,2393,361,10
3/15/2013,ORISSA,5,BHADRAK,18-09-2001,4115.18,2746.55,987.86,380.77,136849,81632,218481,0,1855,1190,8
3/15/2013,ORISSA,6,BOUDH,27-12-2004,2735.83,1845.44,665.73,224.66,71702,20970,92672,3,1033,258,10
3/15/2013,ORISSA,7,CUTTACK,1/5/2002,5811.85,3873.76,1386.78,551.31,178679,186195,364874,50,2426,42,10
3/15/2013,ORISSA,8,DEBAGARH,27-12-2004,1705.3,1150.2,404.81,150.29,42977,19981,62958,20,620,190,10
3/15/2013,ORISSA,9,DHENKANAL,27-12-2004,4603.56,3096.41,1118.23,388.92,125111,65196,190307,32,2065,690,10
3/15/2013,ORISSA,10,GAJAPATI,24-09-2004,2996.63,2026.75,737.68,232.2,68154,42038,110192,14,1438,630,10
3/15/2013,ORISSA,11,GANJAM,28-03-2000,8954.97,5966.47,2140.54,847.96,270886,180430,451316,20,4235,2505,10
3/15/2013,ORISSA,12,JAGATSINGHAPUR,13-02-2003,3340.31,2249.43,796.05,294.83,95623,116710,212333,16,2434,955,10
3/15/2013,ORISSA,13,JAJAPUR,1/5/2002,6385.41,4283.17,1554.84,547.4,162500,191899,354399,50,3414,1355,10
3/15/2013,ORISSA,14,JHARSUGUDA,27-12-2004,1483.49,1002.44,356.16,124.89,33172,34757,67929,30,811,433,10
3/15/2013,ORISSA,15,KALAHANDI,24-09-2004,7138.43,4776.4,1748.32,613.71,190958,105415,296373,50,2330,676,10
3/15/2013,ORISSA,16,KANDHAMAL,12/3/2003,4428.09,2975.36,1100.63,352.1,112422,43118,155540,0,1812,937,5
3/15/2013,ORISSA,17,KENDRAPARA,13-02-2003,4433.47,2981.58,1076.03,375.86,136153,80039,216192,9,2583,1064,10
3/15/2013,ORISSA,18,KENDUJHAR,24-09-2004,9266.57,6221.22,2321.83,723.52,219850,43598,263448,50,5428,1590,10
3/15/2013,ORISSA,19,KHORDHA,18-09-2001,4436.66,2959.3,1060.24,417.12,150000,80593,230593,50,2431,150,8
3/15/2013,ORISSA,20,KORAPUT,13-02-2003,7781.77,5192.27,1913.5,676,221421,42780,264201,50,2659,1130,10
3/15/2013,ORISSA,21,MALKANGIRI,24-09-2004,3532.33,2370.51,856.1,305.72,89117,42591,131708,50,1650,534,10
3/15/2013,ORISSA,22,MAYURBHANJ,24-09-2004,12029.74,7971.46,2896.26,1162.02,369475,193293,562768,10,4642,1698,10
3/15/2013,ORISSA,23,NABARANGAPUR,24-09-2004,5971.15,3982.53,1478.84,509.78,158604,95891,254495,50,1838,378,10
3/15/2013,ORISSA,24,NAYAGARH,1/5/2002,4723.4,3146.15,1123.53,453.72,134750,72562,207312,51,1993,34,8
3/15/2013,ORISSA,25,NUAPADA,24-09-2004,3920.21,2634.16,956.66,329.39,101492,27298,128790,20,941,585,10
3/15/2013,ORISSA,26,PURI,13-02-2003,5865.69,3914.59,1396.07,555.03,160972,70160,231132,50,2250,1130,10
3/15/2013,ORISSA,27,RAYAGADA,13-02-2003,5583.72,3769.28,1379.64,434.8,134397,77807,212204,25,2931,1001,10
3/15/2013,ORISSA,28,SAMBALPUR,27-12-2004,3594.39,2425.16,869.18,300.05,88701,59914,148615,0,2217,480,10
3/15/2013,ORISSA,29,SONEPUR,24-09-2004,3073.09,2064.03,736.73,272.33,80396,26722,107118,0,1563,214,10
3/15/2013,ORISSA,30,SUNDARGARH,28-03-2000,4665.63,3096.27,1104.01,465.35,183809,107961,291770,18,2444,1391,10
3/15/2013,ORISSA,,Total,,156204.83,104509.1,37841.95,13853.78,4485050,2571598,7056648,818,70663,25160,289
3/15/2013,PUDUCHERRY,1,PONDICHERRY,18-09-2001,572.56,481.72,0,90.84,18000,0,18000,0,26,16,3
3/15/2013,PUDUCHERRY,,Total,,572.56,481.72,0,90.84,18000,0,18000,0,26,16,3
3/15/2013,PUNJAB,1,AMRITSAR,2/5/2003,3939.15,2484.93,1072.78,381.44,90089,66983,157072,0,599,378,0
3/15/2013,PUNJAB,2,BARNALA,4/8/2010,560.71,360.73,145.42,54.56,12137,12000,24137,35,54,123,0
3/15/2013,PUNJAB,3,BATHINDA,10/1/2001,1146.55,775.3,305.63,65.62,40000,11602,51602,14,442,0,7
3/15/2013,PUNJAB,4,FARIDKOT,2/5/2003,300.92,181.3,87.54,32.08,6000,0,6000,0,410,0,1
3/15/2013,PUNJAB,5,FATEHGARH SAHIB,2/5/2003,233.72,151.47,65.1,17.15,2485,16192,18677,0,363,0,2
3/15/2013,PUNJAB,6,FEROZEPUR,15-07-2005,1479.83,1013.1,392.84,73.89,50655,75000,125655,0,326,604,10
3/15/2013,PUNJAB,7,GURDASPUR,2/5/2003,1483.77,879.82,429.65,174.3,40780,73530,114310,0,600,0,4
3/15/2013,PUNJAB,8,HOSHIARPUR,2/5/2003,365.6,206.63,97.96,61.01,11112,0,11112,0,839,0,5
3/15/2013,PUNJAB,9,JALANDHAR,2/5/2003,689.57,395.76,190.67,103.14,19885,2708,22593,0,1200,0,5
3/15/2013,PUNJAB,10,KAPURTHALA,2/5/2003,415.76,238.4,117.14,60.22,12617,2229,14846,0,500,0,2
3/15/2013,PUNJAB,11,LUDHIANA,7/7/2004,2100.49,1120.46,574.65,405.38,45422,8956,54378,50,156,311,10
3/15/2013,PUNJAB,12,MANSA,15-07-2005,843.85,489.05,233.65,121.15,25000,44004,69004,75,240,391,10
3/15/2013,PUNJAB,13,MOGA,18-09-2001,1108.71,753.77,301.48,53.46,37170,0,37170,10,210,0,5
3/15/2013,PUNJAB,14,MUKTSAR,22-03-2001,747.42,512.08,188.77,46.57,33148,0,33148,200,193,0,5
3/15/2013,PUNJAB,15,NAWANSHAHR,2/5/2003,184.66,100.52,48.59,35.55,7273,35894,43167,0,330,0,2
3/15/2013,PUNJAB,16,PATIALA,1/5/2002,2748.66,1794.35,728.44,225.87,60513,76029,136542,2,0,417,0
3/15/2013,PUNJAB,17,RUPNAGAR,2/5/2003,1282.95,829.37,340.74,112.84,28278,20872,49150,0,52,228,9
3/15/2013,PUNJAB,18,S.A.S NAGAR,4/8/2010,396,271.81,105.99,18.2,4008,16674,20682,0,504,0,4
3/15/2013,PUNJAB,19,SANGRUR,1/5/2002,623.59,306.9,183.29,133.4,19920,26006,45926,25,306,372,0
3/15/2013,PUNJAB,20,TARN TARAN,4/8/2010,3482.56,2274.14,922.07,286.35,76706,55691,132397,0,140,450,0
3/15/2013,PUNJAB,,Total,,24134.47,15139.89,6532.4,2462.18,623198,544370,1167568,411,7464,3274,81
3/15/2013,RAJASTHAN,1,AJMER,1/5/2002,1770.7,1206.41,446.3,117.99,27392,184378,211770,50,2050,1157,10
3/15/2013,RAJASTHAN,2,ALWAR,28-03-2000,2926.71,1977.54,755.14,194.03,55920,284634,340554,50,3156,1610,10
3/15/2013,RAJASTHAN,3,BANSWARA,11/3/2005,7953.45,5351.42,2011.87,590.16,169828,79429,249257,40,4092,1619,8
3/15/2013,RAJASTHAN,4,BARAN,15-07-2005,2505.38,1700.32,622.92,182.14,45648,113170,158818,50,1269,1013,10
3/15/2013,RAJASTHAN,5,BARMER,3/3/2000,5374.94,3609.71,1355.98,409.25,112891,171707,284598,60,4394,1980,10
3/15/2013,RAJASTHAN,6,BHARATPUR,27-12-2004,2249.68,1513.84,561,174.84,45606,199450,245056,50,794,586,10
3/15/2013,RAJASTHAN,7,BHILWARA,17-05-2005,5066.56,3380.14,1293.18,393.24,104663,174671,279334,50,4500,1519,10
3/15/2013,RAJASTHAN,8,BIKANER,24-09-2004,2829.04,1882.61,684.23,262.2,63295,120000,183295,85,2764,917,10
3/15/2013,RAJASTHAN,9,BUNDI,1/5/2002,2179.99,1474.56,537.96,167.47,41413,125545,166958,20,1898,296,10
3/15/2013,RAJASTHAN,10,CHITTORGARH,11/3/2005,3108.43,2098.13,776.16,234.14,56149,189366,245515,50,2800,1071,14
3/15/2013,RAJASTHAN,11,CHURU,17-05-2005,1919.85,1298.81,464.04,157,40000,101217,141217,42,1312,950,10
3/15/2013,RAJASTHAN,12,DAUSA,17-05-2005,2615.75,1778.84,674.29,162.62,43276,214288,257564,50,2073,954,10
3/15/2013,RAJASTHAN,13,DHOLPUR,11/3/2005,1675.85,1132.68,423.44,119.73,29882,100462,130344,50,1002,384,10
3/15/2013,RAJASTHAN,14,DUNGARPUR,11/3/2005,5544.01,3702.03,1379.28,462.7,130459,37264,167723,50,3768,1481,10
3/15/2013,RAJASTHAN,15,GANGANAGAR,17-05-2005,2302.66,1585.63,585.76,131.27,31756,134637,166393,20,3600,858,10
3/15/2013,RAJASTHAN,16,HANUMANGARH,17-05-2005,1618.48,1100.11,388.71,129.66,31621,35602,67223,50,1246,227,10
3/15/2013,RAJASTHAN,17,JAIPUR,28-03-2000,4710.26,3236.22,1237.78,236.26,60791,315869,376660,50,7043,1108,10
3/15/2013,RAJASTHAN,18,JAISALMER,27-12-2004,1833.55,1267.2,473.85,92.5,17497,61888,79385,56,2674,484,10
3/15/2013,RAJASTHAN,19,JALOR,15-07-2005,3927.1,2670.55,997.41,259.14,67713,133481,201194,50,3011,960,10
3/15/2013,RAJASTHAN,20,JHALAWAR,22-03-2001,2998.14,2032.02,764.02,202.1,55229,143234,198463,50,2452,1179,12
3/15/2013,RAJASTHAN,21,JHUNJHUNU,27-12-2004,1644.35,1123.91,418.31,102.13,21440,177396,198836,50,1755,902,10
3/15/2013,RAJASTHAN,22,JODHPUR,11/3/2005,4214.75,2889.55,1063.73,261.47,70837,248282,319119,50,4996,906,10
3/15/2013,RAJASTHAN,23,KARAULI,17-05-2005,4108.01,2792.19,1057.93,257.89,68530,148819,217349,56,3969,672,10
3/15/2013,RAJASTHAN,24,KOTA,1/5/2002,2359.75,1583.05,592.9,183.8,47767,87135,134902,50,1510,1398,10
3/15/2013,RAJASTHAN,25,NAGAUR,17-05-2005,2519.29,1713.76,637.74,167.79,41537,256360,297897,50,2793,1855,10
3/15/2013,RAJASTHAN,26,PALI,17-05-2005,2389.22,1619.13,588.36,181.73,46444,228892,275336,50,1560,753,10
3/15/2013,RAJASTHAN,27,RAJSAMAND,1/5/2002,2974.59,2015.74,736.72,222.13,69568,121350,190918,35,2401,677,10
3/15/2013,RAJASTHAN,28,SAWAI MADHOPUR,20-02-2003,1864.18,1258.92,460.84,144.42,38914,137304,176218,50,1021,723,3
3/15/2013,RAJASTHAN,29,SIKAR,3/3/2000,1862.18,1271.68,467.79,122.71,28460,228307,256767,58,2962,659,10
3/15/2013,RAJASTHAN,30,SIROHI,17-05-2005,1925.35,1301.63,480.54,143.18,36060,79445,115505,50,1137,391,10
3/15/2013,RAJASTHAN,31,TONK,11/3/2005,2270.48,1533.84,573.03,163.61,41916,182977,224893,50,1812,724,10
3/15/2013,RAJASTHAN,32,UDAIPUR,11/3/2005,9000.49,5994.56,2248.72,757.21,218401,206871,425272,22,3848,2256,10
3/15/2013,RAJASTHAN,,Total,,102243.17,69096.73,25759.93,7386.51,1960903,5023430,6984333,1544,85662,32269,317
3/15/2013,SIKKIM,1,EAST SIKKIM,18-03-2002,768.19,501.5,161.29,105.4,24109,18000,42109,225,464,36,7
3/15/2013,SIKKIM,2,NORTH SIKKIM,18-03-2002,270.69,178.95,59.51,32.23,4978,1031,6009,135,272,63,3
3/15/2013,SIKKIM,3,SOUTH SIKKIM,25-11-1999,466.58,301.51,101.8,63.27,8970,7681,16651,205,438,82,1
3/15/2013,SIKKIM,4,WEST SIKKIM,25-11-1999,548.36,356.6,118.14,73.62,13245,9000,22245,224,430,159,1
3/15/2013,SIKKIM,,Total,,2053.82,1338.56,440.74,274.52,51302,35712,87014,789,1604,340,12
3/15/2013,TAMIL NADU,1,COIMBATORE,25-11-1999,3517.04,2233.12,863.27,420.65,190006,163561,353567,10,1026,812,14
3/15/2013,TAMIL NADU,2,CUDDALORE,25-11-1999,5955.58,3893.32,1417.73,644.53,242992,104369,347361,69,2635,1486,10
3/15/2013,TAMIL NADU,3,DHARMAPURI,29-01-2002,3498.86,2279.71,821.14,398.01,152872,60203,213075,0,2507,715,4
3/15/2013,TAMIL NADU,4,DINDIGUL,20-02-2003,3871.65,2044.42,1089.34,737.89,131516,319776,451292,20,1368,1374,10
3/15/2013,TAMIL NADU,5,ERODE,2/3/2001,3097.77,1991.28,699.77,406.72,165306,110521,275827,63,2798,752,10
3/15/2013,TAMIL NADU,6,KANCHIPURAM,26-06-2002,4541.1,2209.82,1286.29,1044.99,147350,240767,388117,58,1955,1497,10
3/15/2013,TAMIL NADU,7,KANYAKUMARI(NAGERCOIL),22-03-2001,2124.05,938.81,591.65,593.59,76233,10568,86801,43,557,367,5
3/15/2013,TAMIL NADU,8,KARUR,26-06-2002,2101.46,1343.58,463.8,294.08,105280,72598,177878,108,932,418,10
3/15/2013,TAMIL NADU,9,KRISHNAGIRI,27-12-2004,6151,4049.14,1485.02,616.84,204772,85863,290635,40,2774,924,6
3/15/2013,TAMIL NADU,10,MADURAI,29-01-2002,4273.73,2793.22,1031.56,448.95,153151,224536,377687,0,1845,881,10
3/15/2013,TAMIL NADU,11,NAGAPATTINAM,2/5/2003,3738.82,2489.81,914.38,334.63,131000,140933,271933,50,1934,646,10
3/15/2013,TAMIL NADU,12,NAMAKKAL,20-02-2003,2357,1516.25,529.35,311.4,117538,113278,230816,50,1027,673,4
3/15/2013,TAMIL NADU,13,NILGIRIS(UDHAGAMANDALAM),2/5/2003,1423.43,875.08,356,192.35,43000,51545,94545,75,839,271,4
3/15/2013,TAMIL NADU,14,PERAMBALUR,3/3/2000,3340.23,2146.04,761.29,432.9,181496,94081,275577,49,1256,1185,10
3/15/2013,TAMIL NADU,15,PUDUKKOTTAI,26-06-2002,4012.67,2638.5,956.52,417.65,176710,77100,253810,50,3826,1306,10
3/15/2013,TAMIL NADU,16,RAMANATHAPURAM,26-06-2002,2262.6,1183.45,595.69,483.46,105000,109870,214870,52,1460,821,10
3/15/2013,TAMIL NADU,17,SALEM,20-02-2003,5827.49,3808.23,1419.66,599.6,232463,233736,466199,128,2108,1253,10
3/15/2013,TAMIL NADU,18,SIVAGANGA,20-02-2003,3170.89,1964.33,739.38,467.18,125730,130058,255788,10,851,601,6
3/15/2013,TAMIL NADU,19,THANJAVUR,20-02-2003,7560.24,4017.84,2152.97,1389.43,177761,196183,373944,25,4540,1022,10
3/15/2013,TAMIL NADU,20,THENI,26-06-2002,2213.13,1095.61,610.21,507.31,73362,71577,144939,35,440,552,7
3/15/2013,TAMIL NADU,21,THOOTHUKUDI,20-02-2003,2592.94,1207.55,730.98,654.41,91637,253636,345273,54,260,718,4
3/15/2013,TAMIL NADU,22,TIRUCHIRAPPALLI,29-01-2002,2020.75,939.24,552.86,528.65,77747,166886,244633,5,929,1027,10
3/15/2013,TAMIL NADU,23,TIRUNELVELI,26-06-2002,2623.83,1716.56,571.03,336.24,125763,155744,281507,19,557,907,10
3/15/2013,TAMIL NADU,24,TIRUVALLUR,2/5/2003,6505.18,4249.62,1572.4,683.16,194625,58084,252709,35,1418,1312,10
3/15/2013,TAMIL NADU,25,TIRUVANNAMALAI,2/5/2003,5575.39,2703.4,1572.91,1299.08,209116,356665,565781,70,3635,1263,10
3/15/2013,TAMIL NADU,26,TIRUVARUR,2/5/2003,2038.24,1333.31,476.9,228.03,80920,53866,134786,50,1698,519,5
3/15/2013,TAMIL NADU,27,VELLORE,3/3/2000,4395.49,2813.71,1104.31,477.47,207635,283872,491507,26,3451,1667,10
3/15/2013,TAMIL NADU,28,VILLUPURAM,2/5/2003,9153.83,6053.89,2228.5,871.44,326185,211877,538062,60,3021,2185,10
3/15/2013,TAMIL NADU,29,VIRUDHUNAGAR,22-03-2001,4422.62,2837.17,1088.65,496.8,174967,93202,268169,184,2031,816,10
3/15/2013,TAMIL NADU,,Total,,114367.01,69366.01,28683.56,16317.44,4422133,4244955,8667088,1438,53678,27970,249
3/15/2013,TRIPURA,1,DHALAI,29-01-2002,1443.04,956.68,317.46,168.9,53507,28305,81812,95,648,944,5
3/15/2013,TRIPURA,2,NORTH TRIPURA,18-09-2001,1902.5,1190.38,514,198.12,78389,33744,112133,80,1150,1161,10
3/15/2013,TRIPURA,3,SOUTH TRIPURA,18-09-2001,3314.95,1892.4,811.32,611.23,139456,55849,195305,38,1352,1858,10
3/15/2013,TRIPURA,4,WEST TRIPURA,10/1/2001,3178.03,2080.78,757.72,339.53,183405,51119,234524,13,3683,2061,10
3/15/2013,TRIPURA,,Total,,9838.52,6120.24,2400.5,1317.78,454757,169017,623774,226,6833,6024,35
3/15/2013,UTTAR PRADESH,1,AGRA,30-08-2000,3015.28,2034.58,776.78,203.92,54188,278943,333131,5,5274,2856,3
3/15/2013,UTTAR PRADESH,2,ALIGARH,25-07-2003,3363.52,2259.6,806.56,297.36,73937,208775,282712,0,4007,1458,10
3/15/2013,UTTAR PRADESH,3,ALLAHABAD,29-01-2002,4879.3,3058.85,1210.41,610.04,181370,493671,675041,20,5829,2547,10
3/15/2013,UTTAR PRADESH,4,AMBEDKAR NAGAR,25-07-2003,4474.96,2875.47,1079.27,520.22,132725,138141,270866,18,2146,1350,4
3/15/2013,UTTAR PRADESH,5,AURAIYA,25-07-2003,4530.79,2948.87,1105.63,476.29,127279,133364,260643,50,1277,817,3
3/15/2013,UTTAR PRADESH,6,AZAMGARH,2/3/2001,5895.58,3811.05,1469.79,614.74,188141,466925,655066,87,4888,4104,10
3/15/2013,UTTAR PRADESH,7,BAGPAT,25-07-2003,1349.48,899.6,323.85,126.03,31467,77930,109397,12,1166,954,2
3/15/2013,UTTAR PRADESH,8,BAHRAICH,29-01-2002,9891.7,6418.32,2449.55,1023.83,284073,174857,458930,10,6100,1802,10
3/15/2013,UTTAR PRADESH,9,BALLIA,10/1/2001,4737.11,2989.07,1139.7,608.34,172179,136937,309116,115,4636,1888,10
3/15/2013,UTTAR PRADESH,10,BALRAMPUR,20-02-2003,2443.75,1600.46,603.4,239.89,65273,138410,203683,18,2948,1215,3
3/15/2013,UTTAR PRADESH,11,BANDA,20-02-2003,5073.28,3381.73,1223.38,468.17,120620,78999,199619,10,4149,948,3
3/15/2013,UTTAR PRADESH,12,BARABANKI,29-01-2002,5582.06,3549.47,1376.28,656.31,199542,377972,577514,26,5100,1798,10
3/15/2013,UTTAR PRADESH,13,BAREILLY,20-02-2003,3776.07,2478.06,921.05,376.96,110000,227284,337284,15,4142,1798,5
3/15/2013,UTTAR PRADESH,14,BASTI,29-01-2002,5338.11,3361.67,1352.71,623.73,160480,120653,281133,40,3695,2223,10
3/15/2013,UTTAR PRADESH,15,BIJNOR,2/3/2001,3785.67,2472.81,935.15,377.71,110403,222569,332972,75,5271,1399,10
3/15/2013,UTTAR PRADESH,16,BUDAUN,29-01-2002,2932.13,1794.77,754.59,382.77,107603,204479,312082,155,4680,1615,0
3/15/2013,UTTAR PRADESH,17,BULANDSHAHR,29-01-2002,2055.59,1383.67,537.29,134.63,28885,283408,312293,8,4868,2041,8
3/15/2013,UTTAR PRADESH,18,CHANDAULI,3/3/2000,2007.56,1290.49,453.31,263.76,92022,108852,200874,25,2287,1102,10
3/15/2013,UTTAR PRADESH,19,CHITRAKOOT,29-01-2002,1135.11,722.64,279.92,132.55,38082,102505,140587,0,1920,479,5
3/15/2013,UTTAR PRADESH,20,DEORIA,10/1/2001,6481.13,4280.7,1550.34,650.09,181225,198893,380118,39,4696,1461,10
3/15/2013,UTTAR PRADESH,21,ETAH,25-07-2003,2196.39,1442.27,511.24,242.88,62001,143740,205741,30,3455,1347,8
3/15/2013,UTTAR PRADESH,22,ETAWAH,25-07-2003,3550.2,2310.58,848.61,391.01,94097,223387,317484,44,2925,1223,4
3/15/2013,UTTAR PRADESH,23,FAIZABAD,25-07-2003,2800.59,1743.82,677.57,379.2,103376,105998,209374,10,2085,1140,10
3/15/2013,UTTAR PRADESH,24,FARRUKHABAD,25-07-2003,4121.39,2650.64,1019.16,451.59,120471,54314,174785,35,3143,1227,3
3/15/2013,UTTAR PRADESH,25,FATEHPUR,20-02-2003,3596.43,2332.75,881.1,382.58,104414,202040,306454,15,3938,1548,5
3/15/2013,UTTAR PRADESH,26,FIROZABAD,25-07-2003,1308.36,884.5,335.54,88.32,19843,228195,248038,10,3232,963,4
3/15/2013,UTTAR PRADESH,27,GAUTAM BUDDHA NAGAR,25-07-2003,1090.5,620.74,324.7,145.06,14574,58357,72931,15,1414,716,2
3/15/2013,UTTAR PRADESH,28,GHAZIABAD,12/3/2003,1561.65,1078.31,417.11,66.23,10810,85267,96077,5,3602,1075,5
3/15/2013,UTTAR PRADESH,29,GHAZIPUR,29-01-2001,5154.82,3292.96,1250.35,611.51,184061,288972,473033,100,3878,1517,10
3/15/2013,UTTAR PRADESH,30,GONDA,25-07-2003,4888.83,3125.16,1229.45,534.22,136500,198080,334580,16,4298,2031,8
3/15/2013,UTTAR PRADESH,31,GORAKHPUR,18-03-2002,7032.97,4555.48,1683.08,794.41,211033,280101,491134,121,6036,1823,10
3/15/2013,UTTAR PRADESH,32,HAMIRPUR,20-02-2003,3391.22,2224.23,822.06,344.93,101382,75310,176692,0,1950,707,4
3/15/2013,UTTAR PRADESH,33,HARDOI,20-02-2003,7897.01,5253.95,1864.62,778.44,199989,231215,431204,5,8478,1978,10
3/15/2013,UTTAR PRADESH,34,JALAUN,29-01-2002,3114.18,1957.02,812.48,344.68,101928,71232,173160,20,2686,873,12
3/15/2013,UTTAR PRADESH,35,JAUNPUR,10/1/2001,8986.42,5931.54,2152.12,902.76,250000,444693,694693,138,7179,3897,10
3/15/2013,UTTAR PRADESH,36,JHANSI,25-07-2003,2066.57,1340.36,499.06,227.15,58826,78506,137332,20,2808,912,6
3/15/2013,UTTAR PRADESH,37,JYOTIBA PHULE NAGAR,25-07-2003,2206.61,1481.39,532.54,192.68,48008,113276,161284,0,2389,1032,0
3/15/2013,UTTAR PRADESH,38,KANNAUJ,25-07-2003,3765.71,2476.18,892.05,397.48,101497,280737,382234,46,2388,1440,7
3/15/2013,UTTAR PRADESH,39,KANPUR DEHAT,29-01-2002,3555.9,2228.11,875.53,452.26,126650,117438,244088,60,3536,1149,10
3/15/2013,UTTAR PRADESH,40,KANPUR NAGAR,29-01-2002,3592.47,2364.91,879.54,348.02,87235,128893,216128,50,3763,1806,10
3/15/2013,UTTAR PRADESH,41,KANSHIRAM NAGAR,4/8/2010,2960.41,1935.18,822.31,202.92,49298,91499,140797,14,2777,989,7
3/15/2013,UTTAR PRADESH,42,KAUSHAMBI,25-07-2003,4202.04,2720.85,1015.58,465.61,127875,147350,275225,24,2048,968,4
3/15/2013,UTTAR PRADESH,43,KUSHINAGAR,20-02-2003,10579.4,6941.7,2545.43,1092.27,287089,160033,447122,25,5120,2133,3
3/15/2013,UTTAR PRADESH,44,LAKHIMPUR KHERI,25-07-2003,4788.06,3240.9,1222.4,324.76,73000,124463,197463,20,8355,1930,10
3/15/2013,UTTAR PRADESH,45,LALITPUR,29-01-2002,2768.5,1794.57,658.74,315.19,90107,47239,137346,6,2468,568,2
3/15/2013,UTTAR PRADESH,46,LUCKNOW,3/3/2000,3995.15,2667.93,948.14,379.08,113188,137908,251096,25,2510,1591,10
3/15/2013,UTTAR PRADESH,47,MAHAMAYA NAGAR(HATHRAS),25-07-2003,1589.16,1081.14,399.09,108.93,25153,129568,154721,10,2423,1130,4
3/15/2013,UTTAR PRADESH,48,MAHARAJGANJ,25-07-2003,4269.3,2696.97,1029.27,543.06,145090,111256,256346,55,2956,1461,6
3/15/2013,UTTAR PRADESH,49,MAHOBA,25-07-2003,1965.79,1283.05,488.89,193.85,53117,70666,123783,0,2153,464,2
3/15/2013,UTTAR PRADESH,50,MAINPURI,25-07-2003,3105.6,2020.7,769.86,315.04,84258,121244,205502,10,3334,1309,4
3/15/2013,UTTAR PRADESH,51,MATHURA,25-07-2003,1858.84,1273.54,463.85,121.45,25005,182330,207335,10,3228,1475,4
3/15/2013,UTTAR PRADESH,52,MAU,20-02-2003,4246.62,2776.66,1003.2,466.76,133766,73752,207518,13,2494,1090,5
3/15/2013,UTTAR PRADESH,53,MEERUT,14-01-2004,1544.95,1039.97,380.12,124.86,25514,119754,145268,25,2418,1310,9
3/15/2013,UTTAR PRADESH,54,MIRZAPUR,3/3/2000,6523.45,4217.48,1529.28,776.69,231315,195266,426581,133,3941,1582,10
3/15/2013,UTTAR PRADESH,55,MORADABAD,25-07-2003,5458.06,3713.84,1396.52,347.7,76018,354539,430557,0,8504,2641,5
3/15/2013,UTTAR PRADESH,56,MUZAFFARNAGAR,25-07-2003,2196.81,1444.18,535.38,217.25,51660,238443,290103,14,3700,2074,2
3/15/2013,UTTAR PRADESH,57,PILIBHIT,25-07-2003,3171.52,2061.36,767.99,342.17,95178,119893,215071,21,2786,889,3
3/15/2013,UTTAR PRADESH,58,PRATAPGARH,18-03-2002,3635.17,2275.59,861.74,497.84,141368,264341,405709,50,2525,1955,10
3/15/2013,UTTAR PRADESH,59,RAE BARELI,20-02-2003,7735.21,5126.97,1874.63,733.61,190306,135862,326168,25,5809,1860,5
3/15/2013,UTTAR PRADESH,60,RAMPUR,25-07-2003,3341.36,2265.86,841.81,233.69,56948,150145,207093,0,4382,1385,3
3/15/2013,UTTAR PRADESH,61,SAHARANPUR,29-01-2002,2292.46,1516.63,575.66,200.17,49458,192771,242229,25,3766,1720,11
3/15/2013,UTTAR PRADESH,62,SANT KABIR NAGAR,20-02-2003,4378.6,2876.3,1062.46,439.84,121112,227284,348396,35,2368,991,4
3/15/2013,UTTAR PRADESH,63,SANT RAVIDAS NAGAR( BHADOHI),18-03-2002,2872.39,1879.24,703.49,289.66,75119,103247,178366,43,2083,1233,5
3/15/2013,UTTAR PRADESH,64,SHAHJAHANPUR,25-07-2003,5947.11,3825.48,1430.2,691.43,194645,114246,308891,10,4842,1347,0
3/15/2013,UTTAR PRADESH,65,SHRAVASTI,20-02-2003,3109.54,1995.27,743.99,370.28,104902,54772,159674,10,1838,650,3
3/15/2013,UTTAR PRADESH,66,SIDDHARTHNAGAR,20-02-2003,4938.48,3239.9,1156.88,541.7,139597,133650,273247,50,4128,1481,5
3/15/2013,UTTAR PRADESH,67,SITAPUR,25-07-2003,11644.27,7685.86,2799.68,1158.73,305299,255574,560873,25,7397,2307,4
3/15/2013,UTTAR PRADESH,68,SONBHADRA,3/3/2000,4506.21,2936.97,1060.23,509.01,138370,79419,217789,113,3176,1051,0
3/15/2013,UTTAR PRADESH,69,SULTANPUR,18-03-2002,5008.02,3219.63,1215.16,573.23,168843,262071,430914,40,4898,2244,6
3/15/2013,UTTAR PRADESH,70,UNNAO,25-07-2003,6824.72,4388.8,1651.35,784.57,229599,141734,371333,20,4700,1683,8
3/15/2013,UTTAR PRADESH,71,VARANASI,10/1/2001,4642.4,3122.51,1114.95,404.94,105408,249056,354464,47,4471,1532,0
3/15/2013,UTTAR PRADESH,,Total,,294726,192171.81,71925.15,30629.04,8303794,12372693,20676487,2366,269860,107302,428
3/15/2013,UTTARAKHAND,1,ALMORA,13-02-2003,1686.87,1126.2,411.36,149.31,45572,48151,93723,40,214,247,10
3/15/2013,UTTARAKHAND,2,BAGESHWAR,13-02-2003,707.08,469.84,168.6,68.64,21447,16508,37955,20,111,149,3
3/15/2013,UTTARAKHAND,3,CHAMOLI,7/11/2003,798.93,530.03,187.43,81.47,27147,26145,53292,10,265,115,9
3/15/2013,UTTARAKHAND,4,CHAMPAWAT,7/11/2003,806.06,539.24,195.42,71.4,22991,9085,32076,20,375,78,3
3/15/2013,UTTARAKHAND,5,DEHRADUN,7/11/2003,1607.05,1047.66,400.9,158.49,37212,24463,61675,0,497,19,6
3/15/2013,UTTARAKHAND,6,HARIDWAR,18-09-2001,1163.5,758.07,279.35,126.08,42500,90074,132574,60,200,20,2
3/15/2013,UTTARAKHAND,7,NAINITAL,7/11/2003,503.61,332.61,118.22,52.78,14314,26585,40899,50,208,95,8
3/15/2013,UTTARAKHAND,8,PAURI(GARHWAL),13-02-2003,2054.88,1367.18,509.24,178.46,53399,37146,90545,50,620,173,10
3/15/2013,UTTARAKHAND,9,PITHORAGARH,7/11/2003,1497.02,1001.69,362.69,132.64,41110,29253,70363,50,670,215,8
3/15/2013,UTTARAKHAND,10,RUDRAPRAYAG,2/5/2003,454.34,299.26,106.58,48.5,13150,22322,35472,40,100,124,3
3/15/2013,UTTARAKHAND,11,TEHRI GARHWAL,13-02-2003,1776.62,1178.66,423.16,174.8,55173,34580,89753,30,307,120,8
3/15/2013,UTTARAKHAND,12,UDHAM SINGH NAGAR,7/11/2003,1174.09,773.22,273.43,127.44,39427,59658,99085,50,118,123,7
3/15/2013,UTTARAKHAND,13,UTTARKASHI,13-02-2003,861.02,569.46,204.88,86.68,28189,20700,48889,50,240,123,4
3/15/2013,UTTARAKHAND,,Total,,15091.07,9993.12,3641.26,1456.69,441631,444670,886301,470,3925,1601,81
3/15/2013,WEST BENGAL,1,BANKURA,1/5/2002,7326.54,4901.8,1921.01,503.73,198152,333832,531984,50,7544,4130,29
3/15/2013,WEST BENGAL,2,BARDHAMAN,22-03-2001,13424.29,8205.96,3364.37,1853.96,700047,341920,1041967,133,9891,7980,10
3/15/2013,WEST BENGAL,3,BIRBHUM,7/11/2003,11309.96,7325.23,2845.16,1139.57,338989,299893,638882,50,5617,3816,26
3/15/2013,WEST BENGAL,4,COOCH BEHAR,1/5/2002,8658.03,5551.7,2200.13,906.2,335236,254422,589658,50,3715,1718,15
3/15/2013,WEST BENGAL,5,DAKSHIN DINAJPUR,11/6/2001,5329.51,3458.9,1334.52,536.09,182621,194577,377198,50,3712,2642,10
3/15/2013,WEST BENGAL,6,DARJEELING,31-07-2006,3202.65,2235.62,791.34,175.69,66648,130066,196714,50,1784,408,0
3/15/2013,WEST BENGAL,7,HOOGHLY,1/5/2002,5835.44,3631.12,1387.12,817.2,271737,195510,467247,53,6821,4168,19
3/15/2013,WEST BENGAL,8,HOWRAH,2/3/2001,4234.15,2671.35,1059.87,502.93,231860,143309,375169,51,5195,3586,26
3/15/2013,WEST BENGAL,9,JALPAIGURI,11/6/2001,10814.88,6998.97,2685.42,1130.49,372999,203523,576522,50,6578,5428,87
3/15/2013,WEST BENGAL,10,MALDA,18-09-2001,15189.16,9893.47,3941.59,1354.1,452324,270208,722532,50,6385,7956,6
3/15/2013,WEST BENGAL,11,MIDNAPUR EAST,30-08-2000,6811.5,4384.63,1639.82,787.05,392371,32617,424988,172,9726,5969,25
3/15/2013,WEST BENGAL,12,MIDNAPUR WEST,30-08-2000,8411.4,5367,2229.72,814.68,509496,432096,941592,50,16498,5825,10
3/15/2013,WEST BENGAL,13,MURSHIDABAD,11/6/2001,22017.46,14183.32,5518.71,2315.43,702442,506963,1209405,50,10260,7012,18
3/15/2013,WEST BENGAL,14,NADIA,1/5/2002,7119.11,4292.46,1753.49,1073.16,346696,278335,625031,50,6974,6620,50
3/15/2013,WEST BENGAL,15,NORTH 24 PARAGANAS,30-03-2001,10808.93,6844.5,2627,1337.43,361462,225080,586542,51,11158,4466,30
3/15/2013,WEST BENGAL,16,PURULIA,25-07-2003,10065.74,6753.47,2583.02,729.25,210168,306933,517101,50,7542,4047,10
3/15/2013,WEST BENGAL,17,SILIGURI,7/11/2003,1956.56,1270.57,493.31,192.68,59536,25377,84913,30,935,1393,10
3/15/2013,WEST BENGAL,18,SOUTH 24 PARAGANAS,22-03-2001,12949.75,8294.08,3171.64,1484.03,628712,521192,1149904,50,8940,5448,30
3/15/2013,WEST BENGAL,19,UTTAR DINAJPUR,1/5/2002,8682.88,5535.36,2273.12,874.4,257662,301645,559307,50,4806,1556,30
3/15/2013,WEST BENGAL,,Total,,174147.94,111799.51,43820.36,18528.07,6619158,4997498,11616656,1140,134081,84168,441
