State_Name,District_Name,Center_Release_of_funds,State_Release_of_funds,Beneficiary_Release_of_funds,Total_Release_of_funds,Center_Expenditure_Reported,State_Expenditure_Reported,Beneficiary_Expenditure_Reported,Total_Expenditure_Reported
ANDHRA PRADHESH,ADILABAD,3334.50,1026.28,632.57,4993.35,2693.90,1026.28,619.96,4340.14
ANDHRA PRADHESH,ANANTAPUR,2213.51,1456.50,1331.82,5001.83,1242.57,1456.41,1325.30,4024.28
ANDHRA PRADHESH,CHITTOOR,3909.82,1329.78,532.18,5771.78,2315.79,1154.35,532.18,4002.32
ANDHRA PRADHESH,CUDDAPAH,2763.60,1332.29,1357.02,5452.91,1709.62,1332.00,796.67,3838.29
ANDHRA PRADHESH,EAST GODAVARI,5302.66,1886.72,1081.32,8270.70,4360.34,1886.62,1063.13,7310.09
ANDHRA PRADHESH,GUNTUR,3986.24,1783.72,698.21,6468.17,2694.55,1783.72,698.21,5176.49
ANDHRA PRADHESH,KARIMNAGAR,5602.87,2114.98,176.13,7893.98,5613.50,2110.98,176.13,7900.61
ANDHRA PRADHESH,KHAMMAM,2779.69,732.81,510.65,4023.15,2884.03,732.08,294.02,3910.13
ANDHRA PRADHESH,KRISHNA,3883.94,777.11,283.63,4944.68,2520.88,769.49,277.92,3568.30
ANDHRA PRADHESH,KURNOOL,4237.66,1719.21,573.55,6530.42,2303.28,1718.37,463.12,4484.77
ANDHRA PRADHESH,MAHBUBNAGAR,5863.24,1830.56,857.51,8551.31,3125.02,1212.27,857.51,5194.80
ANDHRA PRADHESH,MEDAK,4003.90,1742.50,569.91,6316.31,4136.63,1662.05,495.76,6294.44
ANDHRA PRADHESH,NALGONDA,2247.46,1390.03,663.87,4301.36,1854.21,658.21,479.15,2991.57
ANDHRA PRADHESH,NELLORE,3122.50,882.80,498.12,4503.42,1579.37,772.54,322.25,2674.16
ANDHRA PRADHESH,NIZAMABAD,1939.81,1210.88,2155.82,5306.51,2381.02,1151.40,317.81,3850.23
ANDHRA PRADHESH,PRAKASAM,4617.50,1000.81,199.74,5818.05,3441.91,999.93,198.88,4640.72
ANDHRA PRADHESH,RANGAREDDI,2979.96,1594.80,142.82,4717.58,1803.45,1590.10,128.32,3521.87
ANDHRA PRADHESH,SRIKAKULAM,3235.39,1183.51,113.87,4532.77,1468.12,674.56,113.86,2256.54
ANDHRA PRADHESH,VISAKHAPATNAM,3547.35,3980.80,432.83,7960.98,1706.87,3084.09,399.24,5190.20
ANDHRA PRADHESH,VIZIANAGARAM,2012.02,855.89,315.26,3183.17,1301.69,843.28,257.41,2402.37
ANDHRA PRADHESH,WARANGAL,2488.92,1044.29,184.76,3717.97,1501.47,547.57,184.76,2233.80
ANDHRA PRADHESH,WEST GODAVARI,4280.96,5850.00,1148.58,11279.54,3724.40,5437.70,1123.37,10285.47
ARUNACHAL PRADHESH,ANJAW,93.46,46.78,0.00,140.24,55.57,29.24,0.00,84.81
ARUNACHAL PRADHESH,CHANGLANG,446.15,96.22,38.47,580.84,316.16,73.38,38.47,428.01
ARUNACHAL PRADHESH,DIBANG VALLEY,58.87,24.62,4.16,87.65,37.45,12.45,3.58,53.49
ARUNACHAL PRADHESH,EAST KAMENG,266.78,92.23,8.84,367.85,185.21,43.96,8.84,238.01
ARUNACHAL PRADHESH,EAST SIANG,267.43,112.25,0.00,379.68,172.60,64.15,0.00,236.75
ARUNACHAL PRADHESH,KURUNG KUMEY,680.65,121.83,0.00,802.48,448.99,47.84,0.00,496.84
ARUNACHAL PRADHESH,LOHIT,228.44,82.12,30.60,341.16,210.12,50.45,23.00,283.57
ARUNACHAL PRADHESH,LOWER DIBANG VALLEY,71.37,43.78,4.40,119.55,44.05,21.27,3.76,69.07
ARUNACHAL PRADHESH,LOWER SUBANSIRI,226.68,92.04,16.16,334.88,170.11,90.70,16.16,276.96
ARUNACHAL PRADHESH,PAPUM PARE,98.93,69.45,0.00,168.38,96.16,50.85,0.00,147.01
ARUNACHAL PRADHESH,TAWANG,194.63,66.64,10.47,271.74,129.27,33.57,10.47,173.31
ARUNACHAL PRADHESH,TIRAP,243.67,74.48,17.42,335.57,177.68,56.81,17.42,251.91
ARUNACHAL PRADHESH,UPPER SIANG,127.64,53.12,15.07,195.83,117.54,52.11,14.61,184.26
ARUNACHAL PRADHESH,UPPER SUBANSIRI,298.30,121.83,0.00,420.13,448.99,47.84,0.00,496.84
ARUNACHAL PRADHESH,WEST KAMENG,251.78,89.89,12.14,353.81,174.11,48.82,12.14,235.07
ARUNACHAL PRADHESH,WEST SIANG,326.09,116.73,12.82,455.64,229.30,77.33,12.70,319.34
ASSAM,BAGSHA,2564.67,484.00,208.00,3256.67,2386.37,450.29,208.00,3044.66
ASSAM,BARPETA,3876.98,661.11,259.82,4797.91,3263.23,643.38,259.82,4166.43
ASSAM,BONGAIGAON,1097.58,314.11,15.44,1427.13,121.11,292.44,15.44,428.99
ASSAM,CACHAR,3015.78,578.47,299.73,3893.98,2273.55,578.47,273.46,3125.48
ASSAM,CHIRANG,959.00,193.00,30.11,1182.11,736.63,189.48,29.38,955.50
ASSAM,DARRANG,2001.08,395.94,136.50,2533.52,1391.70,389.78,136.50,1917.97
ASSAM,DHEMAJI,2058.67,353.63,158.36,2570.66,1818.10,353.63,158.36,2330.09
ASSAM,DHUBRI,4589.66,949.90,378.78,5918.34,3190.21,925.79,362.31,4478.30
ASSAM,DIBRUGARH,1988.97,350.57,16.06,2355.60,1778.67,350.52,11.73,2140.92
ASSAM,GOALPARA,1864.88,376.47,156.41,2397.76,1429.35,376.47,155.44,1961.26
ASSAM,GOLAGHAT,2026.68,400.98,96.93,2524.59,1921.60,400.98,96.42,2419.00
ASSAM,HAILAKANDI,1136.71,248.95,124.12,1509.78,1061.78,248.95,124.02,1434.75
ASSAM,JORHAT,1827.95,376.48,114.36,2318.78,1576.29,376.48,111.99,2064.76
ASSAM,KAMRUP,1988.28,366.25,237.69,2592.23,1899.21,366.21,196.59,2462.00
ASSAM,KARBI ANGLONG,1628.37,67.77,42.18,1738.32,622.59,50.97,15.22,688.78
ASSAM,KARIMGANJ,1730.37,343.30,244.49,2318.16,1503.35,343.30,244.49,2091.14
ASSAM,KOKRAJHAR,1935.06,394.05,117.58,2446.69,1812.69,390.49,79.37,2282.55
ASSAM,LAKHIMPUR,2007.79,393.74,101.48,2503.01,1771.52,377.93,101.48,2250.93
ASSAM,MARIGAON,1178.34,217.59,144.68,1540.61,1110.01,217.59,142.38,1469.98
ASSAM,NAGAON,4478.82,758.00,481.70,5718.52,3880.30,756.03,378.69,5015.02
ASSAM,NALBARI,1858.97,337.55,78.35,2274.87,889.72,246.74,78.35,1214.81
ASSAM,NORTH CACHAR HILLS,502.17,0.00,16.19,518.36,103.50,0.00,16.19,119.69
ASSAM,SIBSAGAR,2101.24,449.78,163.41,2714.43,1856.97,449.78,162.51,2469.26
ASSAM,SONITPUR,3113.68,538.30,242.92,3894.90,2941.55,537.95,242.92,3722.43
ASSAM,TINSUKIA,1687.92,444.17,35.92,2168.01,1057.56,408.66,33.93,1500.15
ASSAM,UDALGURI,2400.11,459.95,154.31,3014.37,1638.05,441.22,154.31,2233.58
BIHAR,ARARIA,1562.53,500.93,109.25,2172.71,1117.70,494.35,85.25,1697.29
BIHAR,ARWAL,904.46,276.60,0.00,1181.06,733.31,272.81,0.00,1006.12
BIHAR,AURANGABAD,2431.36,574.73,68.26,3074.34,1537.82,570.25,68.26,2176.32
BIHAR,BANKA,1432.13,670.14,360.35,2462.62,982.33,566.03,289.14,1837.50
BIHAR,BEGUSARAI,3870.43,1154.61,137.41,5162.45,3243.59,1033.57,136.77,4413.94
BIHAR,BHAGALPUR,2721.47,1263.77,246.34,4231.58,2318.14,884.86,246.34,3449.34
BIHAR,BHOJPUR,2841.12,813.95,119.44,3774.51,2225.16,813.95,118.96,3158.08
BIHAR,BUXAR,1477.14,450.43,9.48,1937.05,1388.69,426.69,4.42,1819.81
BIHAR,DARBHANGA,5487.27,1360.70,203.94,7051.91,2967.01,1047.18,203.94,4218.13
BIHAR,GAYA,4776.54,1373.80,316.48,6466.82,2149.90,1022.89,306.39,3479.19
BIHAR,GOPALGANJ,2569.84,762.90,8.72,3341.46,1820.88,648.19,8.72,2477.78
BIHAR,JAMUI,1951.33,509.11,14.89,2475.33,1436.92,508.14,14.89,1959.95
BIHAR,JEHANABAD,1012.79,430.09,0.00,1442.88,734.52,383.70,0.00,1118.22
BIHAR,KAIMUR(BHABUA),1467.95,460.06,66.83,1994.84,1125.76,454.24,66.83,1646.83
BIHAR,KATIHAR,5224.26,1370.22,629.13,7223.62,3581.91,1285.23,623.18,5490.33
BIHAR,KHAGARIA,2210.38,721.80,135.12,3067.30,1417.48,523.42,135.12,2076.01
BIHAR,KISHANGANJ,1630.70,608.77,251.32,2490.79,1528.08,551.14,251.32,2330.54
BIHAR,LAKHISARAI,1390.93,397.39,0.00,1788.32,1208.09,397.38,0.00,1605.47
BIHAR,MADHEPURA,3181.47,766.88,5.18,3953.52,1808.52,743.06,5.18,2556.75
BIHAR,MADHUBANI,1684.73,729.24,135.40,2549.37,1554.53,724.30,135.40,2414.22
BIHAR,MUNGER,1438.29,374.37,37.80,1850.46,614.32,291.43,37.80,943.55
BIHAR,MUZAFFARPUR,6703.90,1942.10,112.36,8758.36,5638.22,1760.37,105.77,7504.36
BIHAR,NALANDA,2824.11,813.64,265.77,3903.52,1497.77,761.94,140.25,2399.96
BIHAR,NAWADA,2855.15,634.00,8.21,3497.36,1431.37,630.94,8.21,2070.52
BIHAR,PASHCHIM CHAMPARAN,3757.00,1088.76,0.00,4845.76,2368.41,1040.82,0.00,3409.23
BIHAR,PATNA,5880.32,1532.46,66.62,7479.40,3806.58,1293.54,64.90,5165.02
BIHAR,PURBA CHAMPARAN,4837.09,1139.43,25.88,6002.40,3203.96,1138.19,25.88,4368.02
BIHAR,PURNIA,4165.92,1036.47,324.49,5526.88,3259.23,1033.90,324.49,4617.61
BIHAR,SAHARSA,2433.79,829.23,25.67,3288.69,1876.18,657.50,25.67,2559.35
BIHAR,SAMASTIPUR,5459.92,1283.72,385.76,7129.40,4726.66,1253.61,385.76,6366.03
BIHAR,SARAN,5048.68,1260.47,0.27,6309.42,3120.86,1123.30,0.00,4244.16
BIHAR,SASARAM(ROHTAS),2950.00,865.79,0.00,3815.79,2094.25,865.79,0.00,2960.04
BIHAR,SHEIKHPURA,1295.09,408.50,0.40,1703.99,796.65,312.47,0.40,1109.52
BIHAR,SHEOHAR,928.03,260.80,38.90,1227.73,927.76,260.80,28.40,1216.96
BIHAR,SITAMARHI,2359.00,640.48,0.00,2999.48,1966.62,624.35,0.00,2590.97
BIHAR,SIWAN,3818.76,986.25,24.57,4829.58,3242.32,891.11,24.57,4158.00
BIHAR,SUPAUL,2618.37,621.28,41.08,3280.73,1644.59,565.99,41.08,2251.66
BIHAR,VAISHALI,3926.00,1498.12,138.00,5562.12,3513.19,1424.27,138.00,5075.45
CHHATTISGARH,BASTAR(JAGDALPUR),2926.06,1557.10,1.60,4484.76,2358.72,1304.07,0.00,3662.79
CHHATTISGARH,BILASPUR,4319.00,1559.90,334.29,6213.19,2999.26,1341.06,334.29,4674.61
CHHATTISGARH,DANTEWADA,1720.32,861.12,172.63,2754.07,1278.02,717.44,172.63,2168.10
CHHATTISGARH,DHAMTARI,997.70,358.79,96.16,1452.65,757.16,260.24,96.16,1113.56
CHHATTISGARH,DURG,1798.18,1247.11,279.00,3324.29,1402.69,728.78,278.87,2410.34
CHHATTISGARH,JANJGIR - CHAMPA,2247.23,1174.32,325.92,3747.47,1627.10,692.93,203.61,2523.64
CHHATTISGARH,JASHPUR,1589.05,683.99,78.25,2351.29,1446.55,604.88,78.19,2129.62
CHHATTISGARH,KANKER,1286.76,562.27,133.76,1982.79,1288.85,475.85,111.60,1876.30
CHHATTISGARH,KAWARDHA(KABIRDHAM),991.20,504.44,0.00,1495.64,693.28,504.32,0.00,1197.60
CHHATTISGARH,KORBA,1478.97,658.45,224.27,2361.69,1216.74,493.20,224.26,1934.20
CHHATTISGARH,KORIYA,1118.12,479.41,95.83,1693.36,791.29,409.27,94.55,1295.12
CHHATTISGARH,MAHASAMUND,2134.21,962.23,216.65,3313.09,1237.41,445.09,216.65,1899.15
CHHATTISGARH,RAIGARH,2368.80,873.74,255.54,3498.08,2165.49,786.13,220.04,3171.66
CHHATTISGARH,RAIPUR,3418.80,1366.08,0.00,4784.88,2486.16,1326.56,0.00,3812.72
CHHATTISGARH,RAJNANDGAON,2414.56,1869.45,145.24,4429.25,2378.80,1040.24,101.17,3520.21
CHHATTISGARH,SURGUJA,3271.21,1441.53,441.42,5154.16,2514.70,913.88,441.41,3869.99
D & N HAVELI,DADRA AND NAGAR HAVELI,3.15,0.00,0.00,3.15,1.67,0.00,0.00,1.67
GOA,NORTH GOA,124.67,112.86,0.00,237.53,149.93,97.97,0.00,247.90
GOA,SOUTH GOA,47.65,0.00,0.00,47.65,0.00,0.00,0.00,0.00
GUJARAT,AHMEDABAD,1080.25,805.45,627.57,2513.27,1137.67,550.71,488.25,2176.63
GUJARAT,AMRELI,1080.55,519.81,40.00,1640.36,1035.05,391.31,38.13,1464.49
GUJARAT,ANAND,980.87,781.09,31.75,1793.71,692.62,436.98,31.75,1161.34
GUJARAT,BANAS KANTHA,2303.43,1034.71,454.31,3792.45,2439.18,924.20,456.87,3820.25
GUJARAT,BHARUCH,1251.40,746.78,331.83,2330.01,1208.81,657.82,331.83,2198.46
GUJARAT,BHAVNAGAR,639.34,234.48,102.29,976.11,679.28,231.91,93.36,1004.55
GUJARAT,DAHOD,1971.51,710.94,283.75,2966.20,1686.00,584.62,275.47,2546.09
GUJARAT,DANGS,431.95,211.46,72.24,715.65,376.66,191.32,72.24,640.22
GUJARAT,GANDHINAGAR,358.41,108.85,24.54,491.80,269.05,91.94,24.32,385.31
GUJARAT,JAMNAGAR,1159.73,503.48,145.35,1808.56,1117.93,426.02,145.26,1689.21
GUJARAT,JUNAGADH,1191.17,345.89,151.83,1688.89,856.48,302.78,149.76,1309.02
GUJARAT,KACHCHH,890.20,333.06,108.51,1331.77,627.85,240.76,80.73,949.34
GUJARAT,KHEDA,2135.25,1100.37,36.27,3271.89,1927.73,899.74,36.12,2863.59
GUJARAT,MAHESANA,1158.74,320.68,127.37,1606.79,977.13,225.71,126.82,1329.66
GUJARAT,NARMADA,1053.60,466.48,245.50,1765.58,929.97,408.41,245.50,1583.88
GUJARAT,NAVSARI,1131.55,628.38,476.84,2236.77,964.33,531.73,242.96,1739.02
GUJARAT,PANCH MAHALS,2551.13,1100.09,4040.29,7691.51,2880.54,934.32,3594.28,7409.14
GUJARAT,PATAN,1207.17,399.79,216.07,1823.03,971.51,373.04,216.07,1560.62
GUJARAT,PORBANDAR,382.68,415.73,25.92,824.33,375.11,262.77,25.87,663.75
GUJARAT,RAJKOT,1691.13,546.67,289.61,2527.41,1356.39,484.87,237.77,2079.03
GUJARAT,SABAR KANTHA,2939.50,976.66,419.62,4335.78,2358.42,959.42,419.62,3737.46
GUJARAT,SURAT,2749.22,1021.80,523.87,4294.89,2558.17,1018.48,503.87,4080.52
GUJARAT,SURENDRANAGAR,1318.56,492.54,243.82,2054.92,1028.11,353.01,201.57,1582.69
GUJARAT,VADODARA,2178.17,813.30,201.66,3193.13,1868.26,813.46,202.64,2884.36
GUJARAT,VALSAD,967.94,459.52,167.51,1594.97,835.36,459.52,160.75,1455.63
HARYANA,AMBALA,914.99,355.80,160.37,1431.16,864.08,354.71,157.49,1376.29
HARYANA,BHIWANI,685.86,243.81,65.22,994.89,634.35,243.81,64.06,942.21
HARYANA,FARIDABAD,461.55,167.33,74.37,703.25,401.59,161.55,73.98,637.12
HARYANA,FATEHABAD,522.43,306.71,171.66,1000.80,516.49,263.15,171.66,951.30
HARYANA,GURGAON,301.38,167.65,380.96,849.99,303.42,126.13,79.28,508.83
HARYANA,HISAR,865.84,314.10,144.92,1324.86,934.20,317.94,144.52,1396.66
HARYANA,JHAJJAR,506.83,169.87,47.98,724.68,444.28,169.87,40.34,654.49
HARYANA,JIND,721.90,488.76,516.14,1726.80,791.61,384.97,272.83,1449.41
HARYANA,KAITHAL,640.03,333.85,583.11,1556.99,596.02,289.82,291.11,1176.95
HARYANA,KARNAL,599.45,295.68,263.38,1158.51,595.58,290.27,233.78,1119.64
HARYANA,KURUKSHETRA,561.12,272.33,186.54,1019.99,523.16,272.25,174.00,969.41
HARYANA,MAHENDRAGARH,367.95,141.25,126.60,635.80,371.19,135.37,92.16,598.72
HARYANA,MEWAT,502.96,195.01,112.47,810.45,470.82,172.59,101.70,745.11
HARYANA,PANCHKULA,224.16,82.14,34.22,340.52,214.46,76.76,34.12,325.35
HARYANA,PANIPAT,440.27,247.20,216.27,903.74,456.32,247.20,216.27,919.79
HARYANA,REWARI,588.56,201.91,116.39,906.86,538.65,200.29,109.72,848.66
HARYANA,ROHTAK,381.90,170.73,57.65,610.28,350.29,144.36,55.15,549.79
HARYANA,SIRSA,650.47,213.36,145.13,1008.96,638.46,209.91,145.13,993.49
HARYANA,SONIPAT,327.75,558.72,690.16,1576.63,353.24,150.61,91.55,595.40
HARYANA,YAMUNANAGAR,870.70,299.26,142.01,1311.97,800.53,292.77,136.34,1229.64
HIMACHAL PRADESH,BILASPUR,525.79,188.32,27.81,741.92,419.23,152.49,27.81,599.53
HIMACHAL PRADESH,CHAMBA,958.32,347.97,80.01,1386.29,920.35,316.37,80.01,1316.73
HIMACHAL PRADESH,HAMIRPUR,635.07,226.20,54.63,915.90,572.98,209.26,54.64,836.88
HIMACHAL PRADESH,KANGRA,1485.88,511.70,8.36,2005.94,1512.02,460.53,8.17,1980.72
HIMACHAL PRADESH,KINNAUR,112.23,34.50,6.90,153.63,89.74,32.88,4.45,127.07
HIMACHAL PRADESH,KULLU,569.84,217.89,30.11,817.84,479.41,183.00,28.79,691.20
HIMACHAL PRADESH,LAHAUL & SPITI,58.80,11.77,0.00,70.57,23.28,9.19,0.00,32.47
HIMACHAL PRADESH,MANDI,1171.95,540.75,267.71,1980.40,1150.72,538.95,267.61,1957.29
HIMACHAL PRADESH,SHIMLA,1082.06,378.55,108.76,1569.37,1020.43,340.45,94.28,1455.16
HIMACHAL PRADESH,SIRMAUR,1208.92,442.59,44.20,1695.71,1042.92,382.96,19.85,1445.73
HIMACHAL PRADESH,SOLAN,567.24,227.53,122.14,916.91,320.57,120.17,23.58,464.32
HIMACHAL PRADESH,UNA,372.09,139.92,115.12,627.13,301.33,118.30,7.64,427.26
JAMMU & KASHMIR,ANANTNAG,1190.27,287.11,1343.76,2821.14,1178.73,272.52,187.62,1638.87
JAMMU & KASHMIR,BANDIPORA,226.60,24.68,174.77,426.05,218.97,24.68,7.15,250.80
JAMMU & KASHMIR,BARAMULLA,1024.94,285.90,144.34,1455.18,999.18,284.26,139.68,1423.13
JAMMU & KASHMIR,BUDGAM,758.04,221.38,96.65,1076.07,769.58,221.30,94.07,1084.96
JAMMU & KASHMIR,DODA,1413.36,346.48,187.19,1947.03,1291.25,346.48,120.09,1757.82
JAMMU & KASHMIR,JAMMU,1046.44,264.81,93.76,1405.01,1018.80,264.81,93.76,1377.37
JAMMU & KASHMIR,KARGIL,292.28,72.53,15.16,379.97,285.93,71.56,15.14,372.62
JAMMU & KASHMIR,KATHUA,637.06,178.47,82.33,897.86,618.47,178.32,77.21,874.00
JAMMU & KASHMIR,KISHTWAR,135.06,71.84,11.41,218.31,138.68,71.84,11.41,221.93
JAMMU & KASHMIR,KULGAM,64.86,81.00,88.06,233.92,66.59,68.14,15.36,150.09
JAMMU & KASHMIR,KUPWARA,970.99,276.08,76.44,1323.51,764.26,276.08,76.44,1116.78
JAMMU & KASHMIR,LEH (LADAKH),267.83,120.41,20.45,408.68,229.92,114.33,20.45,364.70
JAMMU & KASHMIR,POONCH,677.59,245.92,99.23,1022.74,611.05,240.28,99.00,950.33
JAMMU & KASHMIR,PULWAMA,554.29,262.74,168.54,985.57,413.76,240.19,168.53,822.48
JAMMU & KASHMIR,RAJAURI,609.98,921.09,51.49,1582.56,506.07,921.09,51.01,1478.17
JAMMU & KASHMIR,RAMBAN,156.59,53.32,8.19,218.10,164.47,53.31,7.64,225.42
JAMMU & KASHMIR,REASI,362.22,49.20,31.01,442.43,328.36,49.15,31.01,408.52
JAMMU & KASHMIR,SAMBA,48.96,53.48,10.87,113.31,45.53,51.48,8.82,105.83
JAMMU & KASHMIR,SHOPIAN,158.41,74.42,20.11,252.93,144.28,54.46,20.11,218.85
JAMMU & KASHMIR,SRINAGAR,251.34,140.57,40.25,432.16,277.54,138.29,39.75,455.58
JAMMU & KASHMIR,UDHAMPUR,907.69,284.17,90.43,1282.29,721.11,283.26,83.75,1088.12
JHARKHAND,BOKARO,874.29,911.06,70.35,1855.70,461.66,346.25,70.35,878.26
JHARKHAND,CHATRA,1186.40,853.67,98.00,2138.07,1148.52,470.27,95.93,1714.72
JHARKHAND,DEOGHAR,1179.83,614.69,22.42,1816.94,1074.13,478.09,22.42,1574.65
JHARKHAND,DHANBAD,1140.87,984.45,73.02,2198.34,674.86,277.02,71.94,1023.82
JHARKHAND,DUMKA,2666.00,1214.81,429.01,4309.82,1986.15,847.98,429.01,3263.14
JHARKHAND,GARHWA,1840.91,828.07,81.52,2750.50,940.83,533.98,14.58,1489.40
JHARKHAND,GIRIDIH,1765.28,1274.75,109.30,3149.33,1026.99,346.34,49.98,1423.30
JHARKHAND,GODDA,1241.78,642.33,96.56,1980.67,566.94,282.34,78.76,928.04
JHARKHAND,GUMLA,1297.06,567.11,129.78,1993.95,759.46,271.22,129.78,1160.46
JHARKHAND,HAZARIBAGH,1785.42,1104.11,461.18,3350.71,1217.08,517.85,195.24,1930.18
JHARKHAND,JAMTARA,652.52,539.51,16.20,1208.23,416.48,366.58,15.55,798.61
JHARKHAND,KHUNTI,131.53,484.31,0.00,615.84,8.28,311.69,0.00,319.96
JHARKHAND,KODERMA,461.04,343.32,35.33,839.69,251.59,108.43,35.33,395.35
JHARKHAND,LATEHAR,1714.57,579.74,26.14,2320.45,1410.44,560.26,26.14,1996.84
JHARKHAND,LOHARDAGA,510.84,189.71,31.00,731.55,453.06,135.12,18.57,606.75
JHARKHAND,PAKUR,1402.17,775.69,4.23,2182.08,1067.76,486.92,4.23,1558.91
JHARKHAND,PALAMU,1745.69,811.39,97.45,2654.53,1458.68,811.37,96.45,2366.51
JHARKHAND,PASCHIM SINGHBHUM,2721.87,1285.80,38.01,4045.68,1290.81,550.25,38.01,1879.06
JHARKHAND,PURBI SINGHBHUM,1553.26,546.29,198.87,2298.42,1003.51,367.28,189.91,1560.69
JHARKHAND,RAMGARH,235.03,494.78,50.31,780.12,198.14,279.00,50.31,527.45
JHARKHAND,RANCHI,4125.60,1779.77,65.77,5971.14,2148.54,1601.14,65.77,3815.46
JHARKHAND,SAHIBGANJ,1925.47,885.76,118.25,2929.48,1456.65,879.65,26.32,2362.62
JHARKHAND,SERAIKELA KHARSAWAN,1559.66,956.92,67.07,2583.65,701.19,279.03,64.52,1044.74
JHARKHAND,SIMDEGA,645.13,601.57,35.27,1281.97,390.96,211.85,35.27,638.09
KARNATAKA,BAGALKOT,1551.20,557.90,714.90,2824.00,1251.61,544.90,3.12,1799.63
KARNATAKA,BANGALORE RURAL,1577.32,998.80,1720.18,4296.30,1698.89,787.39,286.08,2772.36
KARNATAKA,BANGALORE URBAN,905.82,379.40,66.17,1351.39,611.72,292.69,17.48,921.89
KARNATAKA,BELGAUM,2769.95,1188.90,729.04,4687.89,2282.17,1078.75,168.22,3529.14
KARNATAKA,BELLARY,2015.07,493.50,109.85,2618.42,1459.29,461.71,109.85,2030.85
KARNATAKA,BIDAR,1757.03,379.82,3.72,2140.57,858.23,330.46,3.72,1192.41
KARNATAKA,BIJAPUR,2089.55,680.50,678.69,3448.74,1203.63,555.24,24.09,1782.96
KARNATAKA,CHAMARAJANAGAR,1537.27,435.20,329.62,2302.09,1191.73,419.54,117.22,1728.49
KARNATAKA,CHICKMAGALUR,1359.05,664.93,223.30,2247.28,906.01,563.66,223.30,1692.97
KARNATAKA,CHIKBALLAPUR,157.22,210.00,0.00,367.22,192.82,18.00,0.00,210.82
KARNATAKA,CHITRADURGA,1737.85,834.23,1200.52,3772.60,1330.52,773.30,196.63,2300.44
KARNATAKA,DAVANGERE,1732.76,585.11,724.97,3042.84,1384.31,493.60,87.92,1965.82
KARNATAKA,DHARWAD,1102.99,442.85,823.88,2369.72,865.87,424.79,146.55,1437.21
KARNATAKA,GADAG,961.93,408.49,127.85,1498.27,735.32,373.80,80.52,1189.64
KARNATAKA,GULBARGA,3666.91,1091.23,746.35,5504.49,1898.12,798.47,126.17,2822.77
KARNATAKA,HASSAN,1495.35,475.16,29.80,2000.31,1390.15,438.24,29.24,1857.63
KARNATAKA,HAVERI,2130.01,897.13,106.58,3133.72,1272.01,696.01,103.82,2071.85
KARNATAKA,KODAGU,860.82,194.98,69.38,1125.18,562.50,194.97,69.38,826.85
KARNATAKA,KOLAR,1220.79,647.41,1000.99,2869.19,1078.98,577.63,140.58,1797.19
KARNATAKA,KOPPAL,1313.17,535.41,381.65,2230.23,809.81,448.98,162.01,1420.80
KARNATAKA,MANDYA,2604.24,733.38,589.96,3927.58,1315.71,604.26,421.07,2341.04
KARNATAKA,MANGALORE(DAKSHINA KANNADA),968.72,305.14,231.16,1505.02,961.01,301.41,211.27,1473.70
KARNATAKA,MYSORE,2948.40,670.23,613.09,4231.72,1702.09,620.51,292.99,2615.59
KARNATAKA,RAICHUR,641.40,429.76,321.33,1392.49,552.83,397.56,152.57,1102.96
KARNATAKA,RAMANAGARA,689.75,289.97,0.00,979.72,379.20,139.62,0.00,518.82
KARNATAKA,SHIMOGA,1530.26,520.68,324.15,2375.09,1170.44,481.42,296.63,1948.49
KARNATAKA,TUMKUR,3149.76,878.52,1649.33,5677.61,1675.87,684.79,743.97,3104.64
KARNATAKA,UDUPI,740.48,343.45,3398.20,4482.13,705.17,309.62,426.54,1441.33
KARNATAKA,UTTAR KANNADA,2709.56,1921.21,1075.99,5706.76,1187.30,803.75,476.68,2467.72
KERALA,ALAPPUZHA,961.39,304.04,1646.57,2912.00,953.46,304.04,1580.01,2837.51
KERALA,ERNAKULAM,663.96,354.08,434.80,1452.84,662.32,320.14,434.80,1417.26
KERALA,IDUKKI,793.64,508.27,808.54,2110.45,911.28,459.63,567.02,1937.93
KERALA,KANNUR,451.80,246.47,435.17,1133.44,403.19,222.65,348.90,974.74
KERALA,KASARGOD,752.03,401.84,567.38,1721.25,597.57,317.54,478.47,1393.57
KERALA,KOLLAM,1019.81,323.64,177.03,1520.48,982.74,302.66,177.03,1462.43
KERALA,KOTTAYAM,399.57,223.06,170.32,792.95,400.16,222.72,170.32,793.19
KERALA,KOZHIKODE,387.64,223.56,218.66,829.86,415.82,192.72,218.63,827.16
KERALA,MALAPPURAM,728.40,244.27,126.14,1098.81,734.39,226.65,119.50,1080.54
KERALA,PALAKKAD,1153.20,660.94,515.55,2329.69,1070.19,591.49,515.55,2177.24
KERALA,PATHANAMTHITTA,496.59,325.94,397.43,1219.96,557.12,282.08,378.39,1217.59
KERALA,THIRUVANANTHAPURAM,1174.77,385.20,1323.18,2883.15,1195.91,385.14,382.88,1963.93
KERALA,THRISSUR,658.62,344.45,639.15,1642.22,647.52,262.35,555.14,1465.01
KERALA,WAYANAD,656.39,219.77,121.64,997.80,626.43,219.70,121.64,967.77
MADHYA PRADESH,ALIRAJPUR,775.06,244.26,116.42,1135.74,760.32,244.26,72.99,1077.57
MADHYA PRADESH,ANUPPUR,563.28,284.40,125.33,973.01,719.31,284.18,103.72,1107.21
MADHYA PRADESH,ASHOKNAGAR,1142.40,454.60,245.83,1842.83,1090.37,454.60,129.40,1674.37
MADHYA PRADESH,BALAGHAT,3791.64,1289.49,233.49,5314.62,3735.60,1227.76,231.86,5195.22
MADHYA PRADESH,BARWANI,2160.67,824.98,85.95,3071.60,2160.45,818.56,85.49,3064.50
MADHYA PRADESH,BETUL,1231.67,450.10,261.08,1942.85,1239.35,450.10,153.93,1843.37
MADHYA PRADESH,BHIND,1105.29,386.03,110.04,1601.36,1052.11,384.81,3.91,1440.83
MADHYA PRADESH,BHOPAL,527.37,182.21,47.40,756.98,560.33,182.21,47.40,789.94
MADHYA PRADESH,BURHANPUR,1101.91,400.69,189.52,1692.12,1080.56,381.93,125.00,1587.48
MADHYA PRADESH,CHHATARPUR,2350.16,853.68,132.53,3336.37,1683.39,724.05,130.83,2538.28
MADHYA PRADESH,CHHINDWARA,3627.24,1274.70,340.70,5242.64,3551.54,1120.80,322.35,4994.69
MADHYA PRADESH,DAMOH,2595.95,888.48,207.34,3691.77,1938.60,655.84,196.38,2790.82
MADHYA PRADESH,DATIA,743.65,264.08,27.43,1035.16,727.06,263.53,27.43,1018.02
MADHYA PRADESH,DEWAS,1523.70,497.40,123.97,2145.07,1508.74,494.51,123.97,2127.22
MADHYA PRADESH,DHAR,2412.11,1167.02,396.09,3975.23,2520.85,1167.02,430.74,4118.62
MADHYA PRADESH,DINDORI,1715.87,587.17,966.26,3269.30,1756.03,586.15,346.27,2688.45
MADHYA PRADESH,GUNA,1944.13,568.95,451.13,2964.21,1283.88,387.35,177.26,1848.49
MADHYA PRADESH,GWALIOR,976.96,352.14,121.69,1450.79,1130.16,352.14,121.69,1603.99
MADHYA PRADESH,HARDA,800.25,268.29,128.07,1196.61,828.04,244.50,101.26,1173.80
MADHYA PRADESH,HOSHANGABAD,968.86,349.07,192.01,1509.94,1083.03,349.04,172.73,1604.80
MADHYA PRADESH,INDORE,1105.24,393.02,23.15,1521.41,1197.84,393.02,23.15,1614.01
MADHYA PRADESH,JABALPUR,1927.52,778.14,403.10,3108.76,1972.47,726.84,403.10,3102.42
MADHYA PRADESH,JHABUA,1703.99,608.78,148.65,2461.42,1868.58,585.54,130.98,2585.10
MADHYA PRADESH,KATNI,1408.17,575.00,8.17,1991.34,1564.83,530.04,0.09,2094.96
MADHYA PRADESH,KHANDWA(EAST NIMAR),1849.86,670.79,211.11,2731.76,1528.38,632.56,188.20,2349.14
MADHYA PRADESH,KHARGONE,2619.18,969.99,179.65,3768.82,2464.39,977.54,187.48,3629.41
MADHYA PRADESH,MANDLA,2306.71,928.75,398.73,3634.20,2158.34,666.08,368.00,3192.41
MADHYA PRADESH,MANDSAUR,1033.51,352.28,217.94,1603.73,1210.62,351.43,187.30,1749.35
MADHYA PRADESH,MORENA,1049.66,542.53,153.82,1746.01,1306.80,488.23,141.84,1936.86
MADHYA PRADESH,NARSINGHPUR,1518.58,527.84,239.33,2285.75,1505.81,527.84,238.53,2272.18
MADHYA PRADESH,NEEMUCH,913.41,311.31,97.93,1322.65,910.58,306.36,60.84,1277.78
MADHYA PRADESH,PANNA,3693.01,1226.97,490.77,5410.75,2535.69,1034.12,482.72,4052.53
MADHYA PRADESH,RAISEN,2075.71,752.69,592.27,3420.67,1810.26,661.74,302.89,2774.89
MADHYA PRADESH,RAJGARH,2322.07,852.12,2618.95,5793.14,2324.50,816.29,279.99,3420.78
MADHYA PRADESH,RATLAM,1198.10,412.09,210.58,1820.77,1188.91,403.31,210.58,1802.79
MADHYA PRADESH,REWA,4034.57,1664.90,1038.18,6737.65,3799.23,1661.35,1032.17,6492.74
MADHYA PRADESH,SAGAR,4902.12,1820.06,793.17,7515.35,3306.60,1312.10,394.74,5013.44
MADHYA PRADESH,SATNA,4998.51,1863.10,558.41,7420.02,4661.14,1656.26,505.37,6822.77
MADHYA PRADESH,SEHORE,1286.75,354.84,130.33,1771.92,1611.62,352.42,124.84,2088.88
MADHYA PRADESH,SEONI,2283.17,749.23,792.80,3825.20,2198.99,749.23,269.58,3217.80
MADHYA PRADESH,SHAHDOL,1963.65,661.07,288.03,2912.75,1413.61,601.33,226.58,2241.52
MADHYA PRADESH,SHAJAPUR,1966.37,669.43,269.31,2905.11,1779.32,643.81,269.31,2692.45
MADHYA PRADESH,SHEOPUR,652.54,152.50,49.04,854.08,783.16,144.54,31.55,959.25
MADHYA PRADESH,SHIVPURI,1940.32,654.99,241.03,2836.34,1593.25,623.17,185.15,2401.56
MADHYA PRADESH,SIDHI,2999.35,1127.72,482.03,4609.10,1967.84,871.82,365.58,3205.24
MADHYA PRADESH,SINGRAULI,1394.18,689.72,1299.44,3383.34,1299.55,621.83,0.00,1921.38
MADHYA PRADESH,TIKAMGARH,2808.40,717.59,188.85,3714.84,1817.04,644.22,184.32,2645.58
MADHYA PRADESH,UJJAIN,2311.65,792.31,558.85,3662.81,2159.97,732.43,270.58,3162.99
MADHYA PRADESH,UMARIA,1493.92,434.49,117.98,2046.39,1440.75,433.65,100.44,1974.84
MADHYA PRADESH,VIDISHA,2705.81,780.92,383.53,3870.26,2403.49,762.38,366.08,3531.95
MAHARASHTRA,AHMEDNAGAR,2341.59,1186.81,193.90,3722.30,2349.11,967.84,192.29,3509.24
MAHARASHTRA,AKOLA,938.04,942.72,42.98,1923.74,860.36,517.69,42.98,1421.03
MAHARASHTRA,AMRAVATI,2871.04,1041.91,450.35,4363.30,1988.27,885.65,307.98,3181.90
MAHARASHTRA,AURANGABAD,2240.18,1192.08,522.25,3954.51,1550.67,802.25,249.68,2602.60
MAHARASHTRA,BEED,1881.64,981.03,221.59,3084.26,1748.73,770.63,193.25,2712.61
MAHARASHTRA,BHANDARA,1498.05,706.90,217.67,2422.62,1268.49,511.27,134.82,1914.58
MAHARASHTRA,BULDHANA,2544.43,882.27,218.01,3644.71,2024.87,804.94,200.45,3030.26
MAHARASHTRA,CHANDRAPUR,2214.06,1662.34,2389.80,6266.20,1884.74,807.50,360.86,3053.10
MAHARASHTRA,DHULE,1744.71,674.27,108.65,2527.63,904.97,447.85,108.58,1461.40
MAHARASHTRA,GADCHIROLI,1272.49,869.30,38.07,2179.86,1567.21,525.24,13.77,2106.22
MAHARASHTRA,GONDIA,1652.08,1059.12,75.01,2786.21,1761.92,630.62,60.17,2452.71
MAHARASHTRA,HINGOLI,1408.34,724.28,183.44,2316.06,1559.64,454.74,153.06,2167.44
MAHARASHTRA,JALGAON,4337.86,1263.13,489.41,6090.40,3189.81,1148.41,488.76,4826.97
MAHARASHTRA,JALNA,1537.24,849.09,243.95,2630.28,1243.36,467.28,243.95,1954.59
MAHARASHTRA,KOLHAPUR,1663.54,668.99,177.07,2509.60,1367.63,629.46,177.07,2174.16
MAHARASHTRA,LATUR,1690.04,376.56,55.86,2122.46,1328.31,376.56,50.61,1755.48
MAHARASHTRA,NAGPUR,1810.27,975.09,242.68,3028.04,1431.22,958.01,242.28,2631.51
MAHARASHTRA,NANDED,2419.23,1043.85,349.11,3812.19,2114.99,903.17,311.98,3330.14
MAHARASHTRA,NANDURBAR,2558.15,1253.50,240.13,4051.77,1799.21,877.87,229.21,2906.28
MAHARASHTRA,NASHIK,2151.35,753.85,426.61,3331.81,1706.67,634.95,426.61,2768.23
MAHARASHTRA,OSMANABAD,976.58,513.83,242.98,1733.39,828.72,405.17,125.67,1359.56
MAHARASHTRA,PARBHANI,903.75,421.91,88.42,1414.08,761.27,308.65,88.25,1158.17
MAHARASHTRA,PUNE,2452.69,1270.51,310.81,4034.01,2476.54,1263.76,305.74,4046.04
MAHARASHTRA,RAIGAD,3357.00,1280.68,3526.42,8164.10,2949.40,1250.52,3525.71,7725.63
MAHARASHTRA,RATNAGIRI,1562.56,823.74,335.10,2721.40,1522.85,748.39,315.24,2586.48
MAHARASHTRA,SANGLI,2300.93,787.94,186.50,3275.37,1808.70,771.98,186.50,2767.18
MAHARASHTRA,SATARA,3280.42,1224.93,249.20,4754.55,2948.66,1112.20,249.20,4310.06
MAHARASHTRA,SINDHUDURG,1160.12,502.92,342.40,2005.44,1156.45,477.20,342.40,1976.05
MAHARASHTRA,SOLAPUR,2917.76,1074.55,259.39,4251.70,1905.13,692.08,220.67,2817.88
MAHARASHTRA,THANE,4219.98,1606.44,592.39,6418.81,3942.82,1426.00,589.10,5957.92
MAHARASHTRA,WARDHA,1181.56,492.86,96.82,1771.24,1288.42,485.18,96.82,1870.43
MAHARASHTRA,WASHIM,1250.89,714.66,76.66,2042.21,917.07,627.05,64.25,1608.37
MAHARASHTRA,YAVATMAL,2321.92,1467.18,184.27,3973.37,2689.76,1150.03,183.67,4023.46
MANIPUR,BISHNUPUR,446.46,115.05,19.51,581.02,364.85,115.05,19.51,499.41
MANIPUR,CHANDEL,657.49,96.00,36.00,789.49,459.01,96.00,36.00,591.01
MANIPUR,CHURACHANDPUR,1201.60,110.00,57.00,1368.60,737.00,110.00,57.00,904.00
MANIPUR,IMPHAL EAST,641.74,167.42,37.08,846.24,484.22,139.87,37.08,661.17
MANIPUR,IMPHAL WEST,598.93,129.35,16.13,744.41,298.17,113.42,16.13,427.72
MANIPUR,SENAPATI,1468.05,146.00,57.39,1671.44,893.41,143.26,57.39,1094.05
MANIPUR,TAMENGLONG,565.04,96.00,42.31,703.35,436.18,96.00,42.31,574.49
MANIPUR,THOUBAL,872.35,135.88,521.85,1530.08,537.12,135.01,62.87,734.99
MANIPUR,UKHRUL,493.95,49.13,2.99,546.07,157.48,30.33,2.99,190.80
MEGHALAYA,EAST GARO HILLS,1355.15,448.73,15.48,1819.36,1293.24,335.08,15.00,1643.32
MEGHALAYA,EAST KHASI HILLS,1957.65,583.62,99.39,2640.66,1770.11,482.17,86.26,2338.55
MEGHALAYA,JAINTIA HILLS,1141.78,325.45,37.17,1504.40,747.52,296.13,37.17,1080.82
MEGHALAYA,RI BHOI,1074.04,361.33,17.81,1453.17,884.91,308.81,14.89,1208.61
MEGHALAYA,SOUTH GARO HILLS,858.26,282.12,0.00,1140.38,542.34,244.95,0.00,787.29
MEGHALAYA,WEST GARO HILLS,1669.52,660.18,0.00,2329.70,1487.61,581.80,0.00,2069.41
MEGHALAYA,WEST KHASI HILLS,1506.47,473.33,1110.33,3090.13,1060.41,447.55,21.26,1529.22
MIZORAM,AIZAWL,573.27,155.74,60.82,789.83,531.04,125.30,60.82,717.16
MIZORAM,CHAMPHAI,554.50,146.09,51.96,752.55,510.83,131.11,51.96,693.90
MIZORAM,KOLASIB,279.27,71.19,28.79,379.25,243.33,68.58,28.79,340.70
MIZORAM,LAWNGTLAI,573.81,141.40,58.84,774.05,474.25,135.42,58.83,668.51
MIZORAM,LUNGLEI,652.04,162.52,73.09,887.65,536.41,162.46,73.09,771.96
MIZORAM,MAMIT,336.43,94.08,30.53,461.04,277.91,63.25,30.53,371.70
MIZORAM,SAIHA,228.33,46.68,18.18,293.19,199.88,46.56,18.18,264.62
MIZORAM,SERCHHIP,203.31,50.08,28.35,281.74,162.43,43.45,28.35,234.23
NAGALAND,DIMAPUR,862.44,179.22,9.73,1051.39,661.67,178.37,9.73,849.78
NAGALAND,KIPHIRE,553.82,0.00,0.00,553.82,10.00,0.00,0.00,10.00
NAGALAND,KOHIMA,506.55,138.23,36.44,681.22,453.80,138.22,36.44,628.46
NAGALAND,LONGLENG,232.30,0.00,0.00,232.30,10.00,0.00,0.00,10.00
NAGALAND,MOKOKCHUNG,355.89,87.39,15.53,458.81,283.72,86.79,15.05,385.56
NAGALAND,MON,653.49,95.75,16.40,765.64,393.95,92.09,16.40,502.44
NAGALAND,PEREN,275.18,68.13,13.83,357.14,245.91,68.13,13.83,327.87
NAGALAND,PHEK,505.50,149.45,32.06,687.01,449.05,149.45,30.28,628.77
NAGALAND,TUENSANG,393.34,120.56,14.11,528.01,296.54,119.41,12.84,428.78
NAGALAND,WOKHA,355.27,60.05,10.46,425.78,198.58,60.02,10.46,269.07
NAGALAND,ZUNHEBOTO,725.30,134.17,27.22,886.69,602.12,134.16,27.22,763.50
ORISSA,ANGUL,1615.06,581.98,114.22,2311.26,899.52,345.90,114.22,1359.64
ORISSA,BALANGIR,1825.45,670.97,249.48,2745.90,1460.64,614.50,241.64,2316.79
ORISSA,BALESWAR,3060.77,1082.21,463.73,4606.71,2541.54,982.86,463.73,3988.14
ORISSA,BARGARH,2061.41,829.77,376.78,3267.96,1575.14,542.93,370.03,2488.10
ORISSA,BHADRAK,1563.71,562.43,153.13,2279.27,824.48,312.75,153.13,1290.36
ORISSA,BOUDH,989.22,356.86,120.31,1466.39,755.05,299.06,120.30,1174.41
ORISSA,CUTTACK,2287.38,818.86,366.03,3472.27,1816.71,659.21,330.20,2806.12
ORISSA,DEBAGARH,507.81,194.96,40.22,742.99,344.54,131.48,40.09,516.11
ORISSA,DHENKANAL,1778.28,642.21,110.26,2530.75,911.43,330.68,110.26,1352.36
ORISSA,GAJAPATI,1157.95,390.47,117.47,1665.89,779.65,359.88,115.42,1254.95
ORISSA,GANJAM,2981.33,1153.01,383.96,4518.30,2173.19,735.61,383.96,3292.76
ORISSA,JAGATSINGHAPUR,1490.68,527.54,219.78,2238.00,1054.33,457.22,154.06,1665.62
ORISSA,JAJAPUR,1765.91,662.45,225.90,2654.26,1252.58,503.13,225.90,1981.61
ORISSA,JHARSUGUDA,646.34,229.64,18.96,894.94,411.75,185.58,18.96,616.28
ORISSA,KALAHANDI,1725.54,631.61,47.28,2404.43,1299.87,515.08,47.12,1862.07
ORISSA,KANDHAMAL,960.28,380.35,96.47,1437.10,804.28,255.40,86.93,1146.62
ORISSA,KENDRAPARA,1790.54,646.19,174.41,2611.14,1304.87,479.23,174.41,1958.51
ORISSA,KENDUJHAR,2517.79,939.67,148.99,3606.45,1738.72,715.86,148.99,2603.57
ORISSA,KHORDHA,1775.64,636.16,178.64,2590.44,890.75,316.94,178.64,1386.33
ORISSA,KORAPUT,2769.12,1020.50,248.33,4037.95,1350.43,527.88,236.13,2114.44
ORISSA,MALKANGIRI,1399.30,505.34,113.87,2018.51,789.59,304.10,113.86,1207.56
ORISSA,MAYURBHANJ,3254.89,1182.59,534.84,4972.32,3093.27,1180.76,534.11,4808.13
ORISSA,NABARANGAPUR,1265.99,470.11,38.52,1774.62,943.89,330.57,38.52,1312.98
ORISSA,NAYAGARH,1866.22,666.45,181.24,2713.91,1161.57,464.21,181.24,1807.03
ORISSA,NUAPADA,869.25,347.34,46.83,1263.42,780.24,258.87,46.83,1085.93
ORISSA,PURI,2324.50,828.99,268.64,3422.13,1403.67,535.90,268.64,2208.22
ORISSA,RAYAGADA,1286.37,470.83,55.98,1813.18,817.45,330.25,55.98,1203.68
ORISSA,SAMBALPUR,1011.98,362.69,83.95,1458.62,726.55,280.82,83.07,1090.44
ORISSA,SONEPUR,848.63,320.84,137.13,1306.60,610.30,242.07,136.61,988.99
ORISSA,SUNDARGARH,2279.58,836.66,282.64,3398.88,1456.67,541.41,284.80,2282.87
PUDUCHERRY,PONDICHERRY,94.84,0.00,0.00,94.84,79.07,0.00,0.00,79.07
PUNJAB,AMRITSAR,415.36,112.84,0.00,528.20,260.17,102.28,0.00,362.45
PUNJAB,BARNALA,107.58,0.00,0.00,107.58,42.03,0.00,0.00,42.03
PUNJAB,BATHINDA,409.39,112.64,16.94,538.97,145.77,71.70,16.80,234.27
PUNJAB,FARIDKOT,39.62,14.39,0.00,54.01,47.45,14.12,0.00,61.57
PUNJAB,FATEHGARH SAHIB,24.40,41.71,0.00,66.11,35.09,40.49,0.00,75.58
PUNJAB,FEROZEPUR,114.29,36.58,0.00,150.87,156.29,10.98,0.00,167.27
PUNJAB,GURDASPUR,86.87,53.01,1.51,141.39,28.59,12.23,0.77,41.58
PUNJAB,HOSHIARPUR,61.99,29.39,0.00,91.38,29.54,29.39,0.00,58.93
PUNJAB,JALANDHAR,91.51,45.53,0.00,137.04,60.15,5.24,0.00,65.39
PUNJAB,KAPURTHALA,132.33,23.05,0.00,155.38,47.01,22.82,0.00,69.83
PUNJAB,LUDHIANA,233.18,37.03,40.00,310.21,230.76,36.93,40.00,307.69
PUNJAB,MANSA,99.77,45.48,3.14,148.39,125.70,11.70,3.14,140.54
PUNJAB,MOGA,120.48,24.38,3.38,148.24,89.27,24.17,3.38,116.82
PUNJAB,MUKTSAR,142.44,24.45,20.92,187.81,115.52,24.45,20.92,160.89
PUNJAB,NAWANSHAHR,30.15,14.52,0.00,44.67,24.44,13.08,0.00,37.52
PUNJAB,PATIALA,16.52,37.95,0.98,55.45,21.29,36.19,0.98,58.46
PUNJAB,RUPNAGAR,94.75,41.96,0.00,136.71,38.50,10.59,0.00,49.09
PUNJAB,S.A.S NAGAR,63.29,0.00,0.00,63.29,30.39,0.00,0.00,30.39
PUNJAB,SANGRUR,96.59,127.30,19.42,243.31,90.70,61.61,19.41,171.72
PUNJAB,TARN TARAN,541.35,0.00,0.00,541.35,26.73,0.00,0.00,26.73
RAJASTHAN,AJMER,807.96,383.84,33.78,1225.58,810.15,219.15,33.52,1062.82
RAJASTHAN,ALWAR,1463.66,516.43,46.32,2026.41,972.15,364.92,41.11,1378.18
RAJASTHAN,BANSWARA,2088.79,488.41,10.90,2588.10,1289.81,486.38,10.90,1787.09
RAJASTHAN,BARAN,675.01,124.70,38.34,838.05,467.45,123.58,36.60,627.64
RAJASTHAN,BARMER,2684.88,603.80,288.73,3577.41,2060.32,603.80,243.59,2907.71
RAJASTHAN,BHARATPUR,627.66,115.69,17.22,760.57,362.66,110.53,17.22,490.42
RAJASTHAN,BHILWARA,2563.55,664.13,223.86,3451.54,2317.08,664.13,223.86,3205.07
RAJASTHAN,BIKANER,1577.40,392.76,52.00,2022.16,1295.91,390.24,51.12,1737.27
RAJASTHAN,BUNDI,900.86,187.37,25.74,1113.97,549.97,178.35,25.62,753.93
RAJASTHAN,CHITTORGARH,864.91,195.98,29.75,1090.64,665.07,195.01,29.71,889.79
RAJASTHAN,CHURU,993.12,226.05,143.17,1362.34,676.23,225.21,143.17,1044.60
RAJASTHAN,DAUSA,1060.23,273.63,33.42,1367.28,661.50,260.96,33.42,955.87
RAJASTHAN,DHOLPUR,484.40,116.40,0.54,601.34,346.22,115.77,0.00,461.99
RAJASTHAN,DUNGARPUR,2320.12,403.83,87.30,2811.25,1410.08,403.83,87.30,1901.22
RAJASTHAN,GANGANAGAR,1054.26,251.73,32.95,1338.94,655.79,234.97,31.52,922.28
RAJASTHAN,HANUMANGARH,799.11,166.22,40.34,1005.67,614.89,165.79,40.34,821.02
RAJASTHAN,JAIPUR,1147.59,465.35,47.29,1660.23,663.74,233.81,46.85,944.40
RAJASTHAN,JAISALMER,981.35,229.23,47.62,1258.20,666.36,216.23,47.62,930.21
RAJASTHAN,JALOR,1676.79,445.42,39.95,2162.16,1116.98,438.42,39.84,1595.24
RAJASTHAN,JHALAWAR,1292.68,258.08,785.41,2336.17,1140.89,257.73,772.67,2171.29
RAJASTHAN,JHUNJHUNU,683.78,400.82,113.48,1198.08,560.15,220.34,65.48,845.96
RAJASTHAN,JODHPUR,1751.12,419.42,72.42,2242.96,1103.58,338.31,72.42,1514.31
RAJASTHAN,KARAULI,1712.51,451.58,168.96,2333.05,1363.33,450.10,165.84,1979.27
RAJASTHAN,KOTA,971.72,243.89,15.45,1231.06,621.19,243.63,15.45,880.27
RAJASTHAN,NAGAUR,1048.33,190.37,110.56,1349.26,749.31,189.82,44.46,983.59
RAJASTHAN,PALI,1008.09,220.69,96.61,1325.39,595.63,199.67,84.28,879.58
RAJASTHAN,RAJSAMAND,1539.59,400.11,131.42,2071.12,905.48,339.83,116.72,1362.03
RAJASTHAN,SAWAI MADHOPUR,817.29,337.02,44.12,1198.43,566.99,212.88,42.90,822.78
RAJASTHAN,SIKAR,1006.40,274.76,34.84,1316.00,600.83,225.47,34.84,861.15
RAJASTHAN,SIROHI,832.91,190.37,0.00,1023.28,652.62,190.32,0.00,842.94
RAJASTHAN,TONK,950.13,221.35,29.63,1201.11,627.70,220.66,21.64,870.00
RAJASTHAN,UDAIPUR,4470.94,989.19,355.76,5815.89,2652.86,962.20,355.76,3970.82
SIKKIM,EAST SIKKIM,492.10,355.70,303.39,1151.19,432.58,355.70,303.39,1091.67
SIKKIM,NORTH SIKKIM,175.29,144.62,84.94,404.85,152.97,144.62,84.94,382.53
SIKKIM,SOUTH SIKKIM,274.88,259.08,143.70,677.66,126.94,259.08,143.70,529.72
SIKKIM,WEST SIKKIM,340.27,292.42,197.42,830.11,297.72,292.42,197.42,787.56
TAMIL NADU,COIMBATORE,1972.25,595.29,320.02,2887.56,1623.93,503.40,319.60,2446.93
TAMIL NADU,CUDDALORE,3391.16,2211.61,1439.65,7042.42,2742.71,1580.12,587.39,4910.22
TAMIL NADU,DHARMAPURI,2026.58,972.46,307.53,3306.57,1621.84,644.71,307.53,2574.09
TAMIL NADU,DINDIGUL,1779.43,938.66,411.99,3130.08,1480.54,855.43,405.46,2741.43
TAMIL NADU,ERODE,1787.48,704.16,378.43,2870.07,1772.24,675.08,382.43,2829.75
TAMIL NADU,KANCHIPURAM,1966.82,1365.54,818.40,4150.76,2350.25,1209.58,711.45,4271.28
TAMIL NADU,KANYAKUMARI(NAGERCOIL),842.11,567.98,379.43,1789.52,881.99,454.42,377.00,1713.40
TAMIL NADU,KARUR,1207.94,513.23,309.61,2030.78,1225.24,460.69,309.61,1995.53
TAMIL NADU,KRISHNAGIRI,3538.50,1144.71,422.01,5105.22,3020.02,810.71,394.42,4225.15
TAMIL NADU,MADURAI,2465.75,1231.24,518.97,4215.96,2270.56,1047.20,497.23,3814.99
TAMIL NADU,NAGAPATTINAM,2206.04,790.02,243.89,3239.95,1850.75,719.37,214.00,2784.12
TAMIL NADU,NAMAKKAL,1350.35,804.45,302.25,2457.04,1395.73,606.46,302.25,2304.43
TAMIL NADU,NILGIRIS(UDHAGAMANDALAM),500.76,321.31,88.82,910.89,442.83,218.79,88.82,750.44
TAMIL NADU,PERAMBALUR,1904.26,916.91,432.90,3254.07,2000.71,881.94,429.34,3311.99
TAMIL NADU,PUDUKKOTTAI,2336.21,1131.52,452.34,3920.07,2362.64,874.86,451.28,3688.79
TAMIL NADU,RAMANATHAPURAM,1061.87,606.44,626.85,2295.16,1046.88,526.39,535.45,2108.72
TAMIL NADU,SALEM,3368.61,1270.19,797.83,5436.62,3118.21,1212.06,797.81,5128.08
TAMIL NADU,SIVAGANGA,1733.70,731.90,376.06,2841.66,1448.76,613.05,372.33,2434.13
TAMIL NADU,THANJAVUR,3486.71,1799.33,804.00,6090.04,2296.08,1481.42,797.57,4575.07
TAMIL NADU,THENI,969.59,663.56,364.40,1997.55,932.87,524.96,364.40,1822.22
TAMIL NADU,THOOTHUKUDI,1071.47,728.60,478.54,2278.61,833.58,522.91,478.54,1835.03
TAMIL NADU,TIRUCHIRAPPALLI,841.71,543.87,468.11,1853.69,900.71,540.13,416.76,1857.60
TAMIL NADU,TIRUNELVELI,1530.91,693.97,338.33,2563.21,1664.97,672.78,338.03,2675.77
TAMIL NADU,TIRUVALLUR,3684.38,1186.62,132.66,5003.66,2135.78,1106.49,131.50,3373.78
TAMIL NADU,TIRUVANNAMALAI,2387.65,1516.12,562.40,4466.16,2274.03,1368.90,555.19,4198.13
TAMIL NADU,TIRUVARUR,1190.60,450.39,148.88,1789.86,1073.12,392.20,128.01,1593.34
TAMIL NADU,VELLORE,2488.01,957.66,437.73,3883.40,2127.16,849.59,440.16,3416.90
TAMIL NADU,VILLUPURAM,5235.69,2234.70,350.65,7821.04,6263.44,2188.63,311.67,8763.74
TAMIL NADU,VIRUDHUNAGAR,2470.28,1003.43,219.69,3693.40,1607.16,644.57,218.60,2470.32
TRIPURA,DHALAI,944.15,321.59,146.26,1412.00,957.23,301.59,149.26,1408.08
TRIPURA,NORTH TRIPURA,1087.88,396.14,101.85,1585.87,954.03,363.65,98.31,1415.99
TRIPURA,SOUTH TRIPURA,1790.33,725.08,554.98,3070.39,1575.49,699.47,554.98,2829.94
TRIPURA,WEST TRIPURA,1962.51,756.42,248.50,2967.43,1739.20,719.58,244.80,2703.58
UTTARAKHAND,ALMORA,977.49,378.80,136.21,1492.50,780.62,320.91,136.21,1237.74
UTTARAKHAND,BAGESHWAR,413.37,157.13,68.60,639.10,371.70,147.77,68.60,588.07
UTTARAKHAND,CHAMOLI,466.61,171.80,70.59,709.00,428.53,165.85,70.59,664.97
UTTARAKHAND,CHAMPAWAT,466.47,140.40,67.35,674.22,390.67,140.36,67.35,598.38
UTTARAKHAND,DEHRADUN,917.05,373.93,87.70,1378.68,596.84,248.18,87.70,932.72
UTTARAKHAND,HARIDWAR,665.46,245.74,122.05,1033.25,571.69,245.03,122.04,938.76
UTTARAKHAND,NAINITAL,293.82,118.50,36.24,448.57,305.19,118.50,36.24,459.93
UTTARAKHAND,PAURI(GARHWAL),792.32,308.67,97.71,1198.70,603.07,249.60,97.67,950.34
UTTARAKHAND,PITHORAGARH,869.63,324.10,99.52,1293.25,640.43,240.80,99.43,980.66
UTTARAKHAND,RUDRAPRAYAG,263.96,103.94,32.55,400.45,267.84,103.29,32.54,403.67
UTTARAKHAND,TEHRI GARHWAL,1037.08,390.84,112.68,1540.61,963.34,271.41,112.68,1347.43
UTTARAKHAND,UDHAM SINGH NAGAR,661.50,228.20,69.26,958.96,418.15,129.33,67.89,615.37
UTTARAKHAND,UTTARKASHI,487.11,159.76,32.13,679.00,323.47,91.56,32.13,447.16
UTTAR PRADESH,AGRA,1749.49,750.50,145.60,2645.59,1573.55,750.30,135.12,2458.97
UTTAR PRADESH,ALIGARH,2008.56,1089.37,272.03,3369.96,1695.81,974.84,244.08,2914.73
UTTAR PRADESH,ALLAHABAD,3029.45,3813.17,1252.25,8094.87,2952.78,2494.20,766.07,6213.06
UTTAR PRADESH,AMBEDKAR NAGAR,2537.46,2021.06,492.83,5051.35,2455.12,2021.06,451.34,4927.52
UTTAR PRADESH,AURAIYA,2619.75,1690.78,612.74,4923.27,1640.15,1221.70,599.20,3461.05
UTTAR PRADESH,AZAMGARH,3376.51,1926.92,355.97,5659.40,3188.24,1568.18,352.20,5108.62
UTTAR PRADESH,BAGPAT,800.08,514.09,100.35,1414.52,769.70,502.50,90.81,1363.01
UTTAR PRADESH,BAHRAICH,5599.05,2795.91,727.01,9121.97,4564.46,2712.93,676.15,7953.54
UTTAR PRADESH,BALLIA,2643.95,5520.93,909.68,9074.56,2321.29,2213.14,537.50,5071.93
UTTAR PRADESH,BALRAMPUR,1430.61,1274.30,194.51,2899.42,1495.24,1081.54,185.88,2762.66
UTTAR PRADESH,BANDA,2958.85,2398.41,448.23,5805.49,2226.40,1883.80,442.52,4552.72
UTTAR PRADESH,BARABANKI,3163.79,3184.24,737.63,7085.66,3145.44,3025.52,610.35,6781.31
UTTAR PRADESH,BAREILLY,2464.24,1801.56,1052.65,5318.45,2525.17,1571.15,837.92,4934.24
UTTAR PRADESH,BASTI,2963.15,1325.24,358.92,4647.31,2588.67,1177.79,358.88,4125.34
UTTAR PRADESH,BIJNOR,2210.29,1775.69,376.12,4362.09,2260.18,904.53,359.58,3524.29
UTTAR PRADESH,BUDAUN,1773.13,2301.62,469.40,4544.14,1896.59,1616.91,435.24,3948.73
UTTAR PRADESH,BULANDSHAHR,1225.68,733.96,159.18,2118.82,1212.48,733.94,126.87,2073.29
UTTAR PRADESH,CHANDAULI,1283.93,1083.37,858.23,3225.53,1194.78,918.96,328.68,2442.42
UTTAR PRADESH,CHITRAKOOT,643.05,1101.06,94.99,1839.10,682.97,665.77,85.89,1434.62
UTTAR PRADESH,DEORIA,3743.95,2009.29,1199.15,6952.39,3109.69,1934.83,954.16,5998.68
UTTAR PRADESH,ETAH,1294.92,919.55,1428.60,3643.07,1369.26,919.54,455.30,2744.10
UTTAR PRADESH,ETAWAH,2062.11,1169.00,360.94,3592.05,1860.80,1169.00,350.74,3380.54
UTTAR PRADESH,FAIZABAD,1556.00,1603.22,511.22,3670.44,1578.60,1510.44,342.77,3431.81
UTTAR PRADESH,FARRUKHABAD,2640.04,2072.97,346.03,5059.04,2634.21,1559.74,309.64,4503.59
UTTAR PRADESH,FATEHPUR,2067.44,1237.70,296.43,3601.57,1747.25,1237.68,293.67,3278.60
UTTAR PRADESH,FIROZABAD,787.39,333.36,66.28,1187.03,773.51,309.95,65.36,1148.82
UTTAR PRADESH,GAUTAM BUDDHA NAGAR,549.76,224.55,53.68,827.99,465.16,224.84,54.36,744.36
UTTAR PRADESH,GHAZIABAD,862.48,255.64,45.75,1163.87,693.13,218.53,44.82,956.48
UTTAR PRADESH,GHAZIPUR,2909.87,2295.30,379.84,5585.00,2939.89,2133.73,378.58,5452.19
UTTAR PRADESH,GONDA,2765.13,1301.63,350.45,4417.22,2237.75,1300.96,350.45,3889.16
UTTAR PRADESH,GORAKHPUR,4069.00,2929.09,1595.00,8593.09,3847.98,2599.95,504.50,6952.43
UTTAR PRADESH,HAMIRPUR,1934.76,1655.13,649.21,4239.10,1433.87,1276.60,334.37,3044.84
UTTAR PRADESH,HARDOI,4669.86,4989.94,799.75,10459.55,4289.80,4834.49,798.13,9922.43
UTTAR PRADESH,JALAUN,1718.76,2098.01,370.10,4186.87,1646.36,1124.95,317.72,3089.03
UTTAR PRADESH,JAUNPUR,5281.56,3868.94,898.61,10049.11,4698.48,3025.84,806.23,8530.55
UTTAR PRADESH,JHANSI,1339.02,960.45,282.68,2582.15,1376.56,866.36,276.18,2519.10
UTTAR PRADESH,JYOTIBA PHULE NAGAR,1320.53,902.79,224.78,2448.10,1369.03,882.31,171.73,2423.07
UTTAR PRADESH,KANNAUJ,2210.71,985.28,302.46,3498.45,2186.65,891.02,293.13,3370.80
UTTAR PRADESH,KANPUR DEHAT,2215.88,1952.06,699.72,4867.66,2226.31,1322.93,603.72,4152.96
UTTAR PRADESH,KANPUR NAGAR,2069.06,540.96,339.17,2949.19,1914.22,540.96,246.27,2701.45
UTTAR PRADESH,KANSHIRAM NAGAR,578.14,126.45,2.40,706.99,570.41,74.94,0.00,645.35
UTTAR PRADESH,KAUSHAMBI,2409.58,1480.78,1081.56,4971.92,2372.43,1440.29,549.74,4362.46
UTTAR PRADESH,KUSHINAGAR,6059.90,2446.69,783.08,9289.67,5905.62,2445.59,781.76,9132.97
UTTAR PRADESH,LAKHIMPUR KHERI,2836.30,2098.12,281.42,5215.84,2337.89,2098.12,281.42,4717.43
UTTAR PRADESH,LALITPUR,1590.11,1115.55,240.31,2945.96,1325.43,909.09,240.31,2474.82
UTTAR PRADESH,LUCKNOW,2375.93,1777.33,148.03,4301.29,1917.48,1478.27,142.10,3537.85
UTTAR PRADESH,MAHAMAYA NAGAR(HATHRAS),952.81,505.89,135.07,1593.77,898.91,505.89,134.80,1539.60
UTTAR PRADESH,MAHARAJGANJ,2675.67,2294.74,617.12,5587.53,3098.71,1831.08,593.24,5523.03
UTTAR PRADESH,MAHOBA,1134.37,871.03,217.51,2222.91,928.25,675.17,202.00,1805.42
UTTAR PRADESH,MAINPURI,1792.34,2807.56,572.25,5172.14,1773.82,2441.83,226.20,4441.85
UTTAR PRADESH,MATHURA,1115.31,333.18,370.04,1818.53,944.34,333.16,108.29,1385.79
UTTAR PRADESH,MAU,2444.28,900.17,382.72,3727.17,2130.91,717.94,381.96,3230.81
UTTAR PRADESH,MEERUT,928.58,1322.98,122.86,2374.42,933.73,503.38,121.74,1558.86
UTTAR PRADESH,MIRZAPUR,3760.79,3435.51,866.02,8062.32,3067.09,3305.91,843.79,7216.79
UTTAR PRADESH,MORADABAD,3287.48,1649.13,302.55,5239.16,2692.82,1592.74,230.06,4515.62
UTTAR PRADESH,MUZAFFARNAGAR,1289.63,824.59,235.19,2349.41,1098.51,824.59,226.43,2149.54
UTTAR PRADESH,PILIBHIT,1833.49,785.33,596.82,3215.63,1735.06,698.76,580.05,3013.87
UTTAR PRADESH,PRATAPGARH,2263.51,2291.33,726.92,5281.76,2420.02,1917.44,598.69,4936.15
UTTAR PRADESH,RAE BARELI,4527.50,2338.50,432.71,7298.71,4527.50,2338.23,370.02,7235.75
UTTAR PRADESH,RAMPUR,1947.06,905.40,90.11,2942.57,1236.11,870.50,61.48,2168.09
UTTAR PRADESH,SAHARANPUR,1505.60,1045.24,269.80,2820.64,1495.83,1045.24,248.21,2789.28
UTTAR PRADESH,SANT KABIR NAGAR,2532.48,1060.38,1066.64,4659.50,2276.74,964.03,291.55,3532.31
UTTAR PRADESH,SANT RAVIDAS NAGAR( BHADOHI),1641.55,969.99,481.99,3093.53,1224.47,966.47,472.39,2663.32
UTTAR PRADESH,SHAHJAHANPUR,3795.29,1402.41,477.52,5675.22,3508.58,1240.86,255.50,5004.94
UTTAR PRADESH,SHRAVASTI,1761.18,1271.14,319.51,3351.83,1772.03,1271.14,319.23,3362.40
UTTAR PRADESH,SIDDHARTHNAGAR,2869.81,1896.16,1318.30,6084.27,2608.86,1832.06,532.41,4973.33
UTTAR PRADESH,SITAPUR,6798.15,3264.76,539.04,10601.95,6411.88,3167.26,502.83,10081.97
UTTAR PRADESH,SONBHADRA,2636.09,3015.11,756.38,6407.58,2483.62,2419.66,491.35,5394.64
UTTAR PRADESH,SULTANPUR,2863.48,2643.49,583.14,6090.11,2806.58,2391.57,580.09,5778.24
UTTAR PRADESH,UNNAO,4351.26,3019.07,1153.87,8524.20,4159.83,2814.73,1149.47,8124.03
UTTAR PRADESH,VARANASI,2775.15,1678.84,293.13,4747.12,2498.17,1025.14,290.84,3814.16
WEST BENGAL,BANKURA,4253.42,1359.72,3380.12,8993.26,2736.62,1065.38,3349.17,7151.17
WEST BENGAL,BARDHAMAN,6761.46,2344.69,2694.73,11800.88,5596.20,1989.90,2694.73,10280.83
WEST BENGAL,BIRBHUM,4613.90,1433.20,3037.25,9084.35,3864.47,1380.74,3034.57,8279.79
WEST BENGAL,COOCH BEHAR,3201.45,1020.29,294.51,4516.25,2703.10,847.11,294.44,3844.65
WEST BENGAL,DAKSHIN DINAJPUR,2949.83,856.73,413.20,4219.76,1945.20,669.07,311.20,2925.47
WEST BENGAL,DARJEELING,1292.37,367.85,131.71,1791.93,1088.47,367.85,131.71,1588.03
WEST BENGAL,HOOGHLY,3189.78,1072.72,2666.68,6929.18,3096.89,1072.55,2666.67,6836.11
WEST BENGAL,HOWRAH,1758.80,697.63,480.75,2937.18,1570.92,604.86,480.75,2656.52
WEST BENGAL,JALPAIGURI,5974.46,1697.14,959.03,8630.63,4542.67,1268.85,950.05,6761.56
WEST BENGAL,MALDA,5684.29,1771.20,1080.35,8535.84,4604.60,1689.42,1040.81,7334.82
WEST BENGAL,MIDNAPUR EAST,3835.53,1240.69,575.68,5651.90,3008.46,1237.09,537.10,4782.65
WEST BENGAL,MIDNAPUR WEST,4738.28,1755.11,2620.17,9113.56,4078.81,1615.45,2620.17,8314.43
WEST BENGAL,MURSHIDABAD,8196.85,2593.75,2165.43,12956.03,4986.26,1776.52,2165.43,8928.22
WEST BENGAL,NADIA,3738.10,1186.43,1949.83,6874.36,3003.39,1059.88,1949.83,6013.10
WEST BENGAL,NORTH 24 PARAGANAS,5959.11,1913.50,2101.76,9974.37,5445.13,1900.45,2084.31,9429.89
WEST BENGAL,PURULIA,3847.07,1086.84,2436.99,7370.90,3400.14,1086.84,2436.99,6923.96
WEST BENGAL,SILIGURI,1084.64,319.87,372.75,1777.26,640.61,254.65,352.28,1247.53
WEST BENGAL,SOUTH 24 PARAGANAS,7081.61,2001.59,1882.40,10965.60,5379.23,1629.64,1854.19,8863.06
WEST BENGAL,UTTAR DINAJPUR,3095.78,833.80,5021.28,8950.86,1987.17,710.71,5021.28,7719.16
30-Jul-2013,30-Jul-2013,30-Jul-2013,30-Jul-2013,30-Jul-2013,30-Jul-2013,30-Jul-2013,30-Jul-2013,30-Jul-2013,30-Jul-2013